COGNOME,NUMEROSITA
AARSA,1
ABATANGELO,4
ABATE,15
ABBAMONTE,3
ABBAS,1
ABBATANGELO,5
ABBATE,9
ABBATECOLA,1
ABBATICCHIO,2
ABBATINO,21
ABBINANTE,3
ABBIUSO,2
ABBONDANZA,11
ABBRESCIA,1
ABBRUZZESE,1
ABBRUZZI,2
ABDELMAJID,1
ABDELMALAK,2
ABDELMALEK,1
ABDOUL AZEEZ,1
ABDUL,1
ABDURROB,1
ABEDI,1
ABEDI RIZI,2
ABENANTE,2
ABITANTE,1
ABIUSI,2
ABO ALHAIJA,3
ABO ALIHAIJA,1
ABRAMO,1
ABRESCIA,1
ABULADZE,1
ACCARDI,4
ACCETTURA,3
ACCOTO,1
ACHILLEA,1
ACINAPURA,2
ACITO,111
ACONSTANTINEI,7
ACOSTACHIOAIEI,1
ACQUA,2
ACQUAFREDDA,7
ACQUASANTA,61
ACQUAVIVA,10
ACRI,1
ADAGO,6
ADAM,3
ADAMO,1
ADDABBO,2
ADDANTE,4
ADDEO,1
ADDUCE,5
ADDUCI,12
ADESSA,1
ADESSI,1
ADINOLFI,1
ADNANE,1
ADOBBATO,1
ADORANTE,10
ADORISIO,64
ADRIANI,1
AENLLE DEL SAZ,1
AFANA,1
AFANASJEVA,1
AFFERRI,1
AFFUSO,4
AFLOARI,1
AFTIMIEA,1
AGATA-GIANNOCCARI,1
AGATIELLO,26
AGBEKO,1
AGLIETTA,5
AGNELLO,1
AGNESE,2
AGNIASHVILI,1
AGOSTIANO,2
AGOSTINACCHIO,10
AGOSTINI,1
AGRESTA,2
AGRESTI,10
AGROSI',1
AGUIRRE,2
AHCHIYSKA,1
AHMED,5
AHMED SHEIKH ABDI,1
AHMET,1
AHMETI,4
AICALE,3
AIDEYANJIE,1
AIELLO,2
AIETA,1
AIGBEDE,1
AIGHOBAHI SMART,1
AIMIENOHO,1
AIT HMA,2
AIUDI,3
AKBI,1
AKEN,1
AKHALAIA,1
AKOUNA,1
AKUCHIE,1
AL ALI,4
ALA,3
AL-ASAAD,1
ALASSANE,2
ALBA,34
ALBA AMBROSECCHIA,14
ALBA-AMBROSECCHIA,1
ALBANESE,29
ALBANI,1
ALBANO,59
ALBERGO,8
ALBERTAZZI,2
ALBERTINI,1
ALBISINNI,1
ALBUNIA,2
ALEKSANDRUK,2
ALEMFALAKI,1
ALESSANDRI',1
ALESSANDRIA,3
ALESSANDRINO,1
ALESSIO,1
ALEXE,1
ALFARANO,5
ALFIERI,3
ALFINITI,1
ALFONSO,12
ALFONZETTI,1
ALGERI,1
ALI,2
ALIANELLI,9
ALIANI,6
ALIANO,2
ALICCHIO,1
ALLA,6
ALLCOCK,1
ALLEGRETTI,20
ALLIO,1
ALMAZAN,1
ALO',1
ALOI,3
ALOIA,8
ALOISIO,4
ALTACERA,2
ALTAMURA,8
ALTAVILLA,3
ALTIERI,48
ALTIMARE,1
ALVAREZ,1
ALVAREZ VINES,1
ALVARO,12
AMABILE,4
AMADORI,2
AMARIUCAI,3
AMARIUTEI,2
AMATI,20
AMATO,14
AMATULLI,6
AMBRICO,16
AMBROSECCHIA,309
AMBROSECCHIA RUGGIERI,1
AMBROSECCHIA SALVATORE,1
AMBROSINO,2
AMBROSIO,1
AMBRUSO,4
AMEN,1
AMENDOLA,4
AMENDOLAGINE,22
AMENTA,23
AMER,1
AMER MOHAMED AMER,1
AMERIGO,1
AMICO PADULA,4
AMICO-PADULA,3
AMMOUCHE,1
AMODIO,23
AMOIA,3
AMORE,4
AMORICO,1
AMOROSO,42
AMORUOSO,1
AMORUSO,22
AMOS,1
ANASTASIA,1
ANATRONE,1
ANCONA,3
ANCONA MEDINA,1
ANDERSON,2
ANDON,1
ANDRANI,1
ANDREEVA,1
ANDREI,4
ANDREULLI,2
ANDREYKO,1
ANDRIANI,1
ANDRIOLA,2
ANDRIOTTI,5
ANDRISANI,481
ANDRITOAI,1
ANDRIULLI,17
ANDRIULO,2
ANDRIYENKO,2
ANDRULLI,215
ANDRULLI SABINO,1
ANECCHINO,4
ANEFLOUS,1
ANELLI,6
ANGELASTRI,22
ANGELASTRO,5
ANGELICCHIO,2
ANGELILLO,3
ANGELINO,42
ANGELONE,3
ANGELOTTI,1
ANGELOV,1
ANGERAME,9
ANGHESOM NEGASH,2
ANGIOLA,1
ANGIONI,5
ANGIULLI,1
ANGIUS,1
ANGONA,3
ANGUILLESI,1
ANNARELLI,5
ANNECCA,13
ANNESE,14
ANNICCHIARICO,11
ANNONA,4
ANNUNZIATA,22
ANOBILE,1
ANTENORE,8
ANTEZZA,256
ANTINORA,4
ANTOCCIA,3
ANTODARO,10
ANTOFE,1
ANTOHE,1
ANTOHIE,1
ANTON,6
ANTONACI,2
ANTONAS,2
ANTONAZZO,1
ANTONELLI,6
ANTONICA,3
ANTONICELLI,9
ANTONINI MANGIA,1
ANTONINO,8
ANTONUCCI,13
ANUSCA,1
ANWAR,2
ANZALDI,3
ANZILLOTTA,1
ANZIVINO,2
APOLLARO,3
APPELLA,15
APPIO,74
APRIGLIANO,3
APRILE,6
AQUILA,3
AQUINO,4
ARAGONA,5
ARALLA,3
ARASAN,1
ARAUJO,2
ARAUJO CASTELIANO,1
ARBAYTER,2
ARBIA,2
ARCIERI,1
ARCURI,2
ARDITO,1
ARDIZZONE,1
AREFIN,1
ARENA,9
ARENELLA,3
ARESTA,35
ARETE,1
ARFO',2
ARGENIO,1
ARGENTIERI,3
ARGIOLAS,4
ARIANI,1
ARIKHAN,1
ARIONTE,4
ARKAM,1
ARLEO,8
ARMAIUOLI,37
ARMAIUOLO,7
ARMANDI,15
ARMANDI DI BARI,1
ARMANDO,3
ARMANNO,1
ARMELI IAPICHINO,1
ARMENDEZ,1
ARMENO,2
ARMENTO,12
ARNOLFO,1
ARNONE,3
ARPINO,2
ARRE',1
ARRIVABENE,1
ARSENI,1
ARTEAGA HUANCA,1
ARUTA,1
ASAMALI,1
ASCATIGNO,9
ASCENTINI,1
ASCOLI,1
ASCOLILLO,1
ASEMOTA,1
ASHENAFI ZELEKE,1
ASPRELLA,8
ASPRELLA LIBONATI,4
ASPRELLA-LIBONATI,1
ASPRIELLO,2
ASSALVE,1
ASSELTA,1
ASSENNATO,1
ASSI,1
ASSINDJO,1
ASSINI,7
ASTARITA,1
ASTORINO,1
ASZLAR,1
ATAOUI,1
ATELLA,8
ATELLA CHADUFAUX,2
ATLANTE,2
ATTENE,1
ATTICO,4
ATTOLICO,1
ATTOLLINO,1
ATTOU,1
ATTUBATO,1
ATZENI,4
ATZORI,1
AUCI,2
AULENTA,6
AULENTI,4
AULETTA,19
AULISIO,2
AURIEMMA,3
AUSILI,2
AUSILIO,5
AUSTERI,1
AUTERA,14
AVELLA,1
AVERSANO,1
AVIGLIANO,3
AVIGNONE,2
AVITTO,1
AVOLIO,4
AVVENIENTE,1
AXENTIOI,2
AYO,1
AYOOLA,1
AZAMBUJA DA SILVA,1
AZZILONNA,67
AZZOLLINI,1
AZZONE,18
BABA HUSUN ALI,1
BABUSCIO,1
BACCARO,1
BACCELLIERI,1
BACHELIER,1
BACIU,1
BACOSCA,4
BADALA',3
BADIANE,1
BAGATIN,1
BAGAU,1
BAGLIONE,1
BAGLIVO,1
BAGNALE,2
BAGNATO,2
BAH,2
BAHIJ,1
BAHRAOUI,1
BAI,1
BAICHIN,1
BAIOCCO,1
BAIONA,1
BAIONE,2
BALAN,2
BALAZS,1
BALDARI,1
BALDASSARRA,15
BALDASSARRE,6
BALDELLI,2
BALDIERI,1
BALDINETTI,1
BALDINI,1
BALDONI,3
BALEA,1
BALENZANO,4
BALER,2
BALESTRA,48
BALESTRA-CARAFA,1
BALESTRIERI,1
BALICE,7
BALIJA,4
BALLARDINI,1
BALOYANNI,1
BALSEBRE,3
BALTEANU,1
BALZANO,2
BAMOUROU,1
BAMUNDO,1
BANCE,2
BANCHEVA,1
BANDELLO,1
BANDIERA,2
BANDINI,1
BANGA,1
BANKOVA,1
BANTA,3
BARADJI,1
BARAN,1
BARATELLA,1
BARATTA,1
BARBAFOLTA,19
BARBALINARDO,8
BARBANO,5
BARBARA,3
BARBARINALDI,3
BARBARITO,4
BARBARO,123
BARBERA,1
BARBERINO,6
BARBERIO,12
BARBETTA,9
BARBIERI,1
BARBIERU,1
BARBOLLA,3
BARBONE,15
BARBOSA CUTINO,1
BARBOSA DE OLIVEIRA FILHO,1
BARBU,2
BARCAIUOLO,5
BARCHIESI,2
BARCULET,1
BARDARO,1
BARENZANO,8
BARI,3
BARILE,16
BARILE-CAPUTI,1
BARILLARI,3
BARINA,5
BARISANO,5
BARISCIANO,11
BARJAMAJ,2
BARKALAIA,1
BARNABA,3
BARNABA',1
BARONE,2
BARRA,1
BARRECA,2
BARTILUCCI,11
BARTOLOMEO,5
BARTUCCI,12
BARUFFI,1
BARULLI,1
BARZANOVA,1
BARZOCCHI,1
BASANGIU,1
BASHAR,1
BASILE,135
BASSI,3
BASTA,4
BASTANZIO,1
BASTIERI,3
BASTO,3
BATALAN,5
BATISTA IVOLELA,1
BATTA,1
BATTAFARANO,7
BATTAGLIA,2
BATTAGLINO,1
BATTENTE,10
BATTI,1
BATTIFARANO,1
BATTILOMO,13
BATTISTA,10
BAVARO,1
BAYDAR,1
BEATI,21
BECHEANU,1
BECUCCI,6
BEGGIORA,1
BEJAN,1
BEKAURI,1
BELFIORE,83
BELGENIO,2
BELGRANO,15
BELISARIO,3
BELLACICCO,18
BELLAGAMBA,1
BELLAMIA,1
BELLANOVA,1
BELLAROSA,18
BELLASTELLA,1
BELLESIA,4
BELLETTI,2
BELLINI,2
BELLO,2
BELLOCCHIO,1
BELLOMO,58
BELLORIO,3
BELLOTTI,1
BELLUCCI,9
BELMONTE,19
BEN JAZIA,5
BEN MUSTAPHA,1
BEN SOLTANA,1
BENADIM,1
BENEDETTI,2
BENEDETTO,19
BENEVENTI,3
BENEVENTO,20
BENGIOVANNI,10
BENNARDI,2
BENNATI,1
BENVENUTO,1
BERAJ,1
BERARDENGO,3
BERARDI,30
BERARDINO,8
BERARDONE,8
BERDICCHIA,1
BERDINI,3
BEREZHNA,1
BERG,1
BERGAMINI,1
BERGANTINO,1
BERGER,1
BERGES,1
BERLOCO,5
BERNABEI,1
BERNACCHI,5
BERNARDI,9
BERNARDINI,2
BERNARDINI PAPALIA,1
BERNARDO,4
BERTACCINI,1
BERTELI,1
BERTOLDO,5
BERTONI,1
BERTUGLIA,1
BERTUGNI,2
BERTUGNO,2
BERWARI,1
BESLEAGA,1
BESLIU,2
BETTINI,1
BEVILACQUA,21
BEZABEH,1
BEZHASHVILI,1
BIA,62
BIACCHI,1
BIAGI,1
BIALLO,1
BIAMONTE,1
BIANCACCIO,1
BIANCHI,99
BIANCHINI,18
BIANCO,86
BIANCOFIORE,2
BIANCULLI,3
BIANDOLINO,1
BICCARI,1
BIDETTI,1
BIGHERATI,2
BILANCIA,3
BILARDO,3
BILASH,1
BILEDDO,1
BILICKA,1
BILICKI,1
BILLA,6
BILLI,1
BIMBO,2
BINETTI,1
BINI,3
BINO,1
BIONDINO,6
BIRCA,2
BIRO,1
BISACCIA,2
BISCAGLIA,3
BISCARDI,1
BISCEGLIE,9
BISIGNANO,9
BISOGNO,2
BITELLA,1
BITETTI,27
BITONDO,8
BITONTE,1
BITONTE D'ARINO,2
BITONTI,3
BIZZARO,1
BLAG,1
BLAJUT,1
BLANDU,1
BLASIO,1
BLASONE,4
BLASUCCI,1
BLE',1
BLEAU,2
BLOISE,1
BLOTTI,2
BOALAVECHE,2
BOCCABELLA,1
BOCCACCINO,4
BOCCHETTA,8
BOCCHETTI,1
BOCCHI,4
BOCCIA,4
BOCHICCHIO,7
BODESCU,2
BODOLEA,1
BOENZI,4
BOFFILO,3
BOIKO,1
BOKUCHAVA,2
BOLANOS CAMPO,3
BOLETTIERI,32
BOLLETTINO,10
BOLMETTI,4
BOLOGNESE,25
BOLZONARO,3
BOLZONI,2
BOMBARDIERE,1
BOMENTRE,1
BONACCORSO,1
BONAFEDE,1
BONAMASSA,27
BONANNO,1
BONASIA,3
BONAVOGLIA,3
BONDARAU,1
BONDARENKO,1
BONDI',1
BONELLI,57
BONELLO,3
BONGALLINO,2
BONGERMINO,5
BONGIORNO,4
BONGIOVANNI,3
BONIFACIO,3
BONO,4
BONOMO,5
BONORA,1
BONSANTI,1
BONVICINI,1
BONZARIU,4
BORA,1
BORCHESCU,1
BORDEANU,1
BORDIANU,1
BORDONARO,1
BORDONE,1
BOREA,3
BORELLI,7
BORGIA,1
BORGNA,3
BORNEO,9
BOROS,1
BOROWIECKI,1
BORRACCIA,6
BORRACCINO,3
BORRELLI,11
BOSCA,1
BOSCO,8
BOSELLI,1
BOSEV,3
BOSSI,1
BOTTALICO,1
BOTTARINI,16
BOTTEGA,1
BOUBAKAR,1
BOUBAKER,1
BOUCHEFRA,1
BOUKHRISS,1
BOULEANU,1
BOUNE',1
BOURAMA,1
BOURZAINE,1
BOVE,3
BOVENGA,2
BOVINO,4
BOYKO,1
BOZZA,36
BOZZETTI,1
BOZZI,2
BOZZO,1
BRACCIALE,7
BRADASCHIA,2
BRADASCIO,11
BRADLEY,2
BRAGGION,6
BRAGHIN,1
BRAHJA,1
BRAIA,141
BRAICO,3
BRAN,2
BRANA',4
BRANCATI,1
BRANDA,2
BRANDI,3
BRANDINO,11
BRANDO MATERA,2
BRANQUINHO RODRIGUES,1
BRATU,1
BRAY,10
BREGLIA,1
BRETAGNA,2
BRIAMONTE,5
BRIENZA,4
BRIGANTE,3
BRIGANTI,2
BRINDISI,10
BRINZAN,1
BRISACANI,1
BRIZZI,1
BRONZINI,3
BRONZINO,7
BRUCOLI,20
BRUNETTI,6
BRUNI,25
BRUNI CLEMENTELLI,2
BRUNO,307
BUBBICO,13
BUBE,1
BUCCA,1
BUCCARELLA,3
BUCCELLA,1
BUCCI,5
BUCCI BRUCATO,2
BUCCICO,3
BUCCINO,3
BUCCOLIERI,2
BUCCOLO,1
BUCIZA,1
BUCUR,1
BUFANO,14
BUJOR,2
BULUT,2
BULYGINA,1
BULZ,1
BUNGARO,1
BUONAMASSA,1
BUONANNO,1
BUONANOVA,3
BUONANTUONO,1
BUONCORE,19
BUONGIORNO,4
BUONO,130
BUONSANTI,47
BURACHOK,1
BURDI,2
BURDO,4
BURGI,86
BURZO,2
BUSILACCHI,1
BUSKIVADZE,2
BUTNARU,1
BUTTIGLIONE,1
BUZDUG,1
BUZZELLA,1
CACACE,2
CACCAVO,2
CACCETTA,1
CACCIAPAGLIA,2
CACCIAPUOTI,1
CACCIATORE,1
CACIO,1
CACUCCIOLO,1
CADERE,1
CAFADARU,1
CAFAGNA,1
CAFAGNO,3
CAFARELLI,18
CAFARO,13
CAFFIO,7
CAFORIO,7
CAGGIANESE,1
CAGGIANI,10
CAGGIANO,29
CAGNAZZI,1
CAGNETTA,2
CAI,2
CAIAFA,1
CAIATI,2
CAIAZZA,1
CAIELLA,43
CAIONE,43
CAIRO,1
CAIVANO,2
CALABRESE,63
CALABRIA,3
CALACE,1
CALAMIELLO,6
CALAMITA,4
CALANDRIELLO,1
CALBI,17
CALCIANI,2
CALCIANO,11
CALCULLI,48
CALDARA,1
CALDARELLA,1
CALDAROLA,11
CALDARONE,1
CALDARULO,4
CALDEROLA,4
CALDERONE,3
CALDERONI,2
CALDONE,22
CALEMMA,3
CALFAPIETRO,1
CALIA,169
CALICCHIA,1
CALICCHIO,12
CALICE-VUCCI,1
CALIGIURI,4
CALLISAYA TORREZ,1
CALO',9
CALVANESE,1
CALVELLO,3
CALVI,14
CALVIELLO,12
CALVIELLO-TARASCO,1
CALZOLARI,1
CALZONE,2
CAMACHO CARO,1
CAMARA,5
CAMARDA,13
CAMARDO,8
CAMASSA,4
CAMBIO,55
CAMBRIA,1
CAMERA,1
CAMERINI,12
CAMERINO,11
CAMERLINGO,13
CAMERO,1
CAMICIA,2
CAMILLERI,2
CAMMARATA,1
CAMMAROTA,2
CAMMILLERI,1
CAMMISA,17
CAMPAGNA,15
CAMPANALE,1
CAMPANARO,22
CAMPANELLA,20
CAMPANELLI,7
CAMPANILE,1
CAMPI,5
CAMPISANI,1
CAMPISI,1
CAMPITELLI,1
CAMPITIELLO,1
CAMPO COMETA,1
CAMPOLI,8
CAMPOREALE,3
CAMPOSEO,1
CANALE,5
CANALI,1
CANARIO,14
CANCELLARO,2
CANCELLIERE,197
CANCELLIERI,2
CANCRO,5
CANDELA,8
CANDELIERE,3
CANDELORO,4
CANDIA,4
CANDIDA,1
CANDILORO,1
CANELLA,1
CANETTU,1
CANIGIANI,3
CANITANO,3
CANNARILE,8
CANNITO,14
CANNONE,20
CANONICO,6
CANONIZADO,1
CANORA,11
CANOSA,20
CANTALICE,2
CANTARELLA,1
CANTASANO,2
CANTATORE,1
CANTE,6
CANTERINO,25
CANTISANI,1
CANTONE,1
CANTONI,8
CANTORE,23
CANUSO,4
CANZIO,3
CANZONIERE,16
CANZONIERO,3
CAO,2
CAPACCHIONE,2
CAPADONA,3
CAPALBI,4
CAPALBO,9
CAPASSO,6
CAPECE,4
CAPITOLO,1
CAPOBIANCO,5
CAPOCCELLO,7
CAPOCELLI,4
CAPODIFERRO,5
CAPODILUPO,5
CAPOLONGO,5
CAPOLUPO,158
CAPONE,1
CAPONERO,8
CAPONIO,7
CAPORALE,1
CAPORUSSO,3
CAPOZZA,33
CAPOZZI,6
CAPOZZI ORSINI,3
CAPPELLA,7
CAPPELLARO,1
CAPPELLI,1
CAPPELLO,1
CAPPETTA,3
CAPPIELLO,184
CAPPITELLI,1
CAPPUCCIO,9
CAPRARA,4
CAPRARELLA,1
CAPRI,5
CAPRIATI,2
CAPRIGLIONE,1
CAPRINI,1
CAPRIO,1
CAPRIOTTI,5
CAPRIS,1
CAPRIUOLO,1
CAPSA,3
CAPUANO,1
CAPUCCIO,1
CAPUNI,2
CAPURSO,1
CAPUTI,1
CAPUTO,62
CAPUZZI,1
CARABELLESE,1
CARACCIA,1
CARACCIOLO,1
CARADONIO,3
CARADONNA,2
CARAFA,4
CARAGIULO,10
CARAGLIANO,4
CARAGNANO,3
CARAMET,1
CARANGELO,1
CARAVELLI,5
CARAZA,1
CARBELLANO,3
CARBONARA,1
CARBONE,72
CARDANO,1
CARDANOBILE,1
CARDASCIA,1
CARDIA,3
CARDILLO,2
CARDINALE,87
CARDONE,3
CARDONE GIACOVELLI,1
CARDUCCI,2
CARELLA,36
CARELLI,6
CARENZA,2
CARICASOLE,1
CARICATO,3
CARIELLO,6
CARINGELLA,1
CARIOSCIA,2
CARISSIMO,6
CARITO,4
CARLETTI,1
CARLISI,4
CARLOMAGNO,8
CARLONE,1
CARLONGA,1
CARLUCCI,331
CARMENTANO,34
CARMINIO,2
CARMOSINO,1
CARNEVALE,1
CARNOVALE,3
CAROLILLO,1
CARONE,29
CARONNA,1
CAROSONE,1
CAROZZA,1
CARP,2
CARPENTIERI,12
CARRADORI,1
CARRASQUILLA DEAVILA,1
CARRASSA,1
CARRATU',3
CARRERA,2
CARRETTA,3
CARRIERA,2
CARRIERI,12
CARRIERO,14
CARRINO,6
CARROZZO,1
CARTA,1
CARTOSCELLI,1
CARULLI,2
CARUSI,2
CARUSO,29
CARVUTTO,1
CASALASPRO,1
CASALE,3
CASALINO,24
CASALNUOVO,1
CASAMASSA,2
CASAMASSIMA,195
CASAMIA,27
CASARANO,3
CASAROLA,2
CASAVOLA,3
CASCELLA,7
CASCIA,5
CASCIARO,11
CASCINI,8
CASCINO,1
CASCIONE,25
CASCONE,3
CASELLA,19
CASERTA,104
CASERTANO,4
CASIELLO,17
CASILE,6
CASILLO,7
CASINO,22
CASOLARO,3
CASONE,1
CASSANDRO,1
CASSANO,10
CASSATELLA,2
CASSESE,1
CASSETTA,1
CASSIANO,1
CASSONE,2
CASTALDI,5
CASTALDO,1
CASTANO,15
CASTELIANO,1
CASTELLANA,3
CASTELLANETA,13
CASTELLANO,33
CASTELLI,17
CASTELLINI,1
CASTELLO,35
CASTELLUCCIO,1
CASTELMEZZANO,9
CASTELNUOVO,1
CASTIGLIONE,2
CASTILLO DE RODRIGUEZ,1
CASTO,2
CASTORO,12
CASTRIGNANO,4
CASTRIGNANO',3
CASTRONUOVO,2
CASTROVILLARI,1
CASU,1
CATALANO,10
CATALDI,29
CATALDO,5
CATANESE,12
CATANESE FESTA,1
CATANIO,10
CATANZARO,4
CATAPANO,1
CATELLO,1
CATENA,22
CATENACCI,8
CATENACCIO,4
CATENAZZO,3
CATERINA,3
CATERINI,2
CATINO,1
CATIZZONE,1
CATOGGIO,4
CATOLLA,1
CATONE,1
CATOZZELLA,1
CATUCCI,7
CATULLO,4
CAUSARANO,3
CAVA,1
CAVALIERE,8
CAVALLARO,1
CAVALLO,7
CAVALLONI,1
CAVALLUZZI,3
CAVALLUZZO,4
CAVICCHINI,3
CAVONE,1
CAVUOTI,4
CAZACU,5
CAZAN,1
CAZZETTA,18
CAZZOLLA,1
CEA,20
CECCA,2
CECERE,12
CECI,3
CEESAY,2
CEFOLA,1
CEGLIA,1
CEGLIE,1
CELA,6
CELANI,1
CELANO,5
CELI,1
CELIBERTI,11
CELIK,1
CELLA,4
CELLAMMARE,8
CELLI,6
CELLINI,3
CELLURA,13
CENATIEMPO,1
CENCI,1
CENERAZZO,1
CENISIO,5
CENSI,5
CENTODUCATI,10
CENTOLA,7
CENTOLANZA,1
CENTOLANZE,1
CENTONZE,88
CENTRELLI,2
CEPRANO,1
CERABONA,16
CERCHIARO,2
CERONE,2
CERRACCHIO,4
CERRETA,1
CERRONE,1
CERVELLERA,2
CERVELLI,8
CESANO,2
CESARI,3
CESARINO,20
CESENO,3
CESSARI,1
CETANI,10
CETERA,11
CHABANI,2
CHADAMONT,1
CHADUFAUX,1
CHALA MARTINEZ,1
CHAM,1
CHANTURIA,1
CHECCHI,1
CHEN,57
CHENG,1
CHERECHES,1
CHERIF,2
CHETTI,16
CHIACCHIO,3
CHIAIA,2
CHIANCAZZO,1
CHIANCONE,33
CHIAPPARINO,2
CHIARAPPA,5
CHIARELLA,1
CHIARELLI,9
CHIARELLO,2
CHIARENZA,2
CHIARITO,4
CHIAROLLA,9
CHIARTANO,1
CHIATTO,2
CHIBUNDU,1
CHICCA,2
CHICCO,14
CHICO,80
CHIDICHIMO,5
CHIECHI,11
CHIECO,41
CHIEDI,1
CHIEFA,25
CHIERICO,18
CHIETERA,183
CHIFFI,26
CHIFFI-DOMENICHIELLO,1
CHIFU,1
CHILLEMI,1
CHIMENTI,5
CHIMEZIE,1
CHIMIENTI,4
CHINDEA,3
CHIOMA,1
CHIORAZZI,1
CHIORAZZO,1
CHIORE,4
CHIPCIA,1
CHIPPARI,1
CHIRIANI,1
CHIRICO,1
CHIRONDE,10
CHIRONNA,10
CHIRUZZI,3
CHISENA,14
CHITA,83
CHITO,40
CHIUARIU,1
CHIUSOLO,3
CHOHAN,1
CHOLAKOVA TSANEVA,1
CHORNA,1
CHORNY,1
CHOW CHU SOON,1
CHROBAK,1
CHUKACHEVA,1
CIACCIA,5
CIAGLIA,1
CIALONE,1
CIAMPO,3
CIANCIA,13
CIANCIO,5
CIANCIOLA,3
CIANCIOTTA,1
CIANCIOTTI,2
CIANFRONE,1
CIANNELLA,14
CIANO,3
CIARAMELLA,1
CIARDIELLO,5
CIARDO,3
CIARFAGLIA,16
CIARLA,2
CIARLETTA,1
CIARLITTO,1
CIARLONI,1
CIAVARELLA,1
CIBELLI,2
CICALA,7
CICALE,6
CICCARONE,2
CICCHETTI,60
CICCIMARRA,14
CICCO,5
CICCONE,1
CICERONE,2
CICI,1
CICIRELLI,2
CICORELLA,1
CICORELLI,35
CICU,1
CIERVO,1
CIESLOK,1
CIFARELLI,385
CIFLIKU,3
CIFRESE,2
CIFUNI,4
CILIBERTI,2
CILIENTO,2
CILIERO,1
CILLA,3
CILLO,2
CIMARRUSTI,16
CIMINO,4
CIMMARRUSTI,3
CIMMARUSTI,19
CIMMINO,1
CIMPOESU,1
CINEPRA,11
CINIERO,3
CINIGLIO,1
CINNELLA,76
CINQUE,4
CINQUEFIORI,4
CINQUEGRANA,1
CIOCIA,1
CIPOLLA,51
CIPOLLINI,1
CIPPARANO,2
CIPPONE,3
CIPRIANI,9
CIRACI,3
CIRASOLA,2
CIRASOLE,3
CIRELLA,6
CIRIELLI,1
CIRIELLO,1
CIRIGLIANO,19
CIRILLI,1
CIRILLO,61
CIRIOLO,1
CIRNAT,1
CIRONE,1
CIRROTTOLA,21
CISANO,2
CISSE,1
CISTERNA,3
CISTERNINO,1
CITIULO,2
CITO,7
CITRO,4
CITTADINI,7
CIUFFREDA,11
CIULLO,1
CIURO,9
CIURRIA,8
CIVILE,1
CLAPS,4
CLARIZIO,1
CLEMENTE,76
CLEMENTELLI,29
CLEMENTI,2
CLIMOVA,1
COBANOGLU,3
COCCA,12
COCCHIARARO,1
COCCIA,6
COCCIOLO,1
COCCO,1
COCCORESE,1
COCOLO,3
COCUT,2
CODREANU,1
COGLIANO,1
COIA,1
COIRO,3
COJOCIA,5
COLABUFO,8
COLACI,1
COLACICCO,20
COLADONATO,1
COLAGRANDE,2
COLAIACOVO,2
COLAIANNI,23
COLAMONICO,5
COLANDREA,7
COLANGELO,49
COLANTUONI,1
COLAPIETRO,3
COLAPINTO,2
COLASUONNO,11
COLASURDO,2
COLATUTTO,5
COLAVITO,8
COLAZZO,2
COLELLA,30
COLETTI,1
COLIA,1
COLIZZI,8
COLLA,2
COLLAKU,5
COLLARINO,4
COLLINS,2
COLLINS ONYEBUCHI,1
COLMAR,1
COLOMBA,1
COLONNA,107
COLOTTA,7
COLUCCI,349
COLUMBRO,1
COLUMELLA,1
COLUZZI,2
COMANDE',1
COMITO,1
COMMISSO,8
COMODO,2
COMPAGNONI,6
COMPARATO,5
COMPLE,1
COMSA,1
CONATEH,1
CONCA,4
CONCAS,2
CONDELLI,1
CONDREA,1
CONELLI,3
CONESE,10
CONFORTI,7
CONFUORTI,39
CONGIU,3
CONIGLIO,8
CONSALVI,1
CONSIGLIO,1
CONSOLE,1
CONSOLI,11
CONTANGELO,15
CONTE,41
CONTE ROSITO,13
CONTEDUCA,3
CONTEROSITO,12
CONTI,6
CONTINANZA,3
CONTINI,133
CONTINISIO,11
CONTINO,1
CONTU,1
CONTURSO,1
CONTUZZI,12
CONVERSANO,1
CONVERTINO,1
COPERTINO,3
COPETA,24
COPPOLA,9
COPPOLECCHIA,1
CORAZZA,20
CORBATTO,1
CORBINO,2
CORBO,2
CORCIONE,1
CORDI',1
CORDONE,1
CORETTI,380
CORIGLIANO,1
CORIGLIONE,9
CORINA,1
CORIZZO,2
CORLETO,15
CORMIO,3
CORNACCHIA,18
CORNIOLA,2
CORO,1
CORONATO,5
CORONELLA,22
CORRADI,1
CORRADINI,2
CORRADO,10
CORRIAS,1
CORRIERI,1
CORSIERO,1
CORTAZZO,2
CORTECERO CASTRO,1
CORTESE,6
CORTESI,1
CORTI,6
CORVAGLIA,2
CORVINO,4
COSCIA,6
COSENTINO,24
COSENZA,4
COSI,5
COSMA,1
COSMAI,3
COSMO,1
COSOLA,91
COSPITE,1
COSPITO,10
COSSALTER,1
COSSU,1
COSTABILE,1
COSTANTINO,9
COSTANZO,8
COSTELLA,1
COTRONEO,2
COTRUFO,23
COTTINO,1
COTUGNO,104
COULIBALY,1
COVELLA,1
COVELLI,1
COVIELLO,10
COZMA,1
COZZI,1
COZZOLINO,7
COZZOLONGO,1
CRACIUN,3
CRAMAROSSA,1
CRAPULLI,14
CREANZA,5
CREATA,1
CREDIDIO,1
CREMONA,2
CRESCENTE,1
CRESCENTINI,1
CRESCI,3
CRESTA,1
CRETELLA,1
CRISCUOLO,1
CRISTALLI,32
CRISTALLO,167
CRISTEA,1
CRISTELLA,7
CRISTIANO,7
CRISTILLI,6
CRISTOFARO,4
CROCCO,1
CROCE,1
CROVETTO,2
CRUCIANI,1
CRUSCO,1
CSORVASI,1
CUCARI,2
CUCARO,7
CUCCARESE,8
CUCCHIARA,1
CUCCINIELLO,2
CUCERUC,1
CUCINOTTA,1
CUCOS,1
CUCUGLIELLI,1
CUCURACHI,3
CUFINO,1
CUI,4
CULIC,2
CUNIGLIO,4
CUOCO,3
CUOMO,4
CUOZZO,1
CUPETA,2
CUPI,1
CUPPONE,13
CURATELLI,1
CURATOLA,1
CURCI,23
CURCIC,2
CURCIO,1
CURIONE,5
CURIONE MILANO,1
CURRENTI,1
CURTI,3
CUSCELA,1
CUSCIANNA,207
CUSCITO,1
CUSIMANO,1
CUSTOVIC,2
CUTECCHIA,4
CUTINA,3
CUTRIGNELLI,4
CUTRONE,3
CUTROPIA,3
DA SILVA,1
DA SILVA BLOIZI,1
DABO,1
D'ABRAMO,1
D'ACCARDI,1
D'ACHILLE,1
D'ADAGO,2
D'ADAMO,57
D'ADDABBO,4
D'ADDARIO,4
DADDIEGO,17
D'ADDIEGO,1
D'ADDURNO,1
DAFEH,1
D'AFFUSO,1
DAGOSTINO,5
D'AGOSTINO,38
DAI,1
DAJLANAJ,1
DAJLANI,3
DAL SASSO,3
D'ALAIMO,1
D'ALBA,1
D'ALCONZO,5
D'ALEMA,12
DALESIO,1
DALESSANDRO,9
D'ALESSANDRO,36
D'ALESSIO,14
D'ALFONSO,2
DALIFI,1
DALL'AGLIO,4
DALL'ONDER,1
DALMATO,1
DALMONTE,1
D'ALO',1
D'ALOIA,2
D'ALTERIO-CACCIAPUOTI,1
DAMASCO,9
D'AMATI,1
DAMATO,3
D'AMATO,9
D'AMBRA,1
DAMBROSIO,30
D'AMBROSIO,17
D'AMELIO,39
DAMIAN,11
DAMIANO,5
D'AMICO,16
D'AMILO,5
DAMIR,1
D'AMMACCO,1
DAMONE,6
D'AMONE,12
DAMPHA,1
DANAILA,1
DANCIULESCU,1
DANDA,1
D'ANDREA,15
D'ANDRETTA,1
DANDU,1
DANESE,8
D'ANGELLA,7
D'ANGELO,21
D'ANGIO',1
DANIEL,2
DANIELI,1
DANIELLO,4
D'ANTONA,28
D'ANTONE,1
DANTONIO,1
DANUZZI,1
DANUZZO,3
DANZA,1
DANZI,29
D'ANZI,39
DAOUD,1
D'APRILE,2
D'AQUINO,14
DARAIA,10
DARAIO,30
DARCU,1
D'ARECCA,1
D'ARENZO,1
DARIA,1
D'ARIA,75
D'ARIENZO,1
DARMOVZALOVA,1
DARRETTA,4
DARRY,1
DARTIZIO,9
DARWESH,1
DASCALIUC,1
DASCALU,2
DASCO,1
DASIA,8
D'ASPRO,3
DATTOLI,19
DAUDA,1
D'AURIA,4
D'AVERSA,1
DAVI',1
DAVID,6
DAVIDE,1
DAVIDERI,9
DAVIDESCU,1
DE ADESSIS,1
DE ANGELIS,28
DE ASTIS,4
DE BELLIS,44
DE BENEDICTIS,2
DE BERNARDO,5
DE BIASE,2
DE BIASI,23
DE BLASI,4
DE BLASIIS,4
DE BONIS,37
DE CANDIA,1
DE CANIO,6
de CARLO,8
DE CARO,2
DE CESARE,3
DE CIANCIO,1
DE CICCO,4
DE CUNTO,1
DE DOMINICIS,3
DE DONNO,6
DE FABRITIIS,1
DE FELICE,1
DE FEO,3
DE FEUDIS,5
DE FILIPPIS,18
DE FILIPPO,3
DE FINIS,11
DE FLORA,1
DE FLORIO,1
DE FRANCESCO,3
DE FRANCO,2
DE GENNARO,2
DE GIACOMO,19
DE GIGLIO,5
DE GIORGI,21
DE GIORGIO,2
DE GRAZIA,5
DE GREGORIO,1
DE IACO,1
DE IUDICIBUS,8
de JULIO,1
DE LA PENA,2
DE LA PENA LEON,3
DE LAURENTIS,1
de LELLIS,2
DE LEO,13
DE LEONARDIS,3
DE LEVA,7
DE LIGUORO,1
DE LIMA,1
DE LISO,1
DE LORENZO,5
DE LOS SANTOS MATOS,1
DE LUCA,12
DE LUCIA,30
DE MAGISTRI,3
DE MAGISTRIS,1
DE MARCO,6
DE MARE,3
DE MARIA,1
DE MARINIS,3
DE MARSICO,4
DE MARTINO,2
DE MARZO,2
DE MATTEO,5
DE MATTIA,8
DE MEO,18
DE MICHELE,6
DE MOLA,9
DE MONTE,1
DE MURO,1
DE NATALE,10
DE NICOLA,1
DE NICOLAIS,3
DE NICOLO',3
DE NIGRIS,4
DE NISCO,4
DE NITTIS,5
DE NOIA,5
DE NOVELLIS,4
DE PACE,5
DE PALMA,1
DE PALO,44
DE PASQUA,4
DE PASQUALE,4
de PINTO,17
DE RINALDIS,2
DE ROCCO,1
DE ROSA,19
DE ROSA DE LEO,4
DE ROSE,1
DE RUGGIERI,16
DE RUGGIERO,5
DE RUVO,15
DE SALVATORE,1
DE SALVO,16
DE SANCTIS,2
DE SANGRO,1
DE SANTANA,1
DE SANTIS,15
DE SILVA,3
DE SIMMEO,12
DE SIMONE,3
DE SIO,3
DE STASI,1
DE STEFANI,1
DE STEFANO,4
DE STENA,4
DE STRADIS,1
DE TOMA,1
DE TOMMASI,4
DE TOMMASO,1
DE VIETRO,6
DE VINCENTI,1
DE VITA,2
DE VITO,9
DEANGELIS,1
DEB NATH,1
DEBELLIS,7
DEBERNARDIS,7
DEBOWSKI,1
DECANDIA,9
DECANIO,1
DECARO,4
DECESARE,4
DECICCO,8
DECUZZI,3
DECUZZO,1
DEFELICE,1
D'EFFREMO,14
DEFILIPPO,2
DEFILPO,4
DEFINA,2
DEFLORIO,11
DEFRAIA,1
DEGRAZIA,1
DEJANU,1
DEL CASTELLO,4
DEL CORE,1
DEL FABBRO,1
DEL GENIO,1
DEL GIUDICE,7
DEL MONTE,1
DEL PARIGI,1
DEL VECCHIO,5
DELAJ,1
DELFINO,6
DELGADO FONSECA,2
DELIA,17
D'ELIA,3
DELICIO,9
D'ELICIO,1
DELISO,1
DELLA CHIARA,1
DELLA PACE,1
DELLA PATRIA,1
DELLA PENTA,2
DELL'ACQUA,106
DELL'AGLI,7
DELL'ANNA,3
DELL'AQUILA,5
DELLE CAVE,6
DELLE FOGLIE,1
DELLE ROSE,1
DELL'EDERA,8
DELL'ERBA,4
DELLI NOCI,3
DELLI PONTI,1
DELL'OLIO,8
DELL'OLMO,3
DELL'ORCO,3
DELLORUSSO,1
DELLOSSO,2
DELL'OTTO,5
DELORENZO,2
DELUCA,4
DELUCCE,1
DELUCIA,2
DELVECCHIO,2
DEMA,5
DEMARINIS,5
DEMARZIO,1
DEMAURO,5
DEMAY,1
DEMBELE,2
DEMCHUK,1
DEMETRIO,7
DEMICHELE,1
DEMIR,2
DEMMA,19
DEMURO,6
DENG,5
DENORA,4
DENTAMARO,2
DENTE,1
DENTICO,2
DEPACE,2
DEPALMA,11
DEPASCALE,1
D'ERARIO,2
D'ERASMO,3
D'ERCOLE,218
D'EREDITA',1
DEROSA,4
D'ERRICO,8
DERUVO,1
DESANCTIS,1
DESANTIS,12
DESIANTE,5
DESPA,1
DESTEFANO,3
DESTINIY,1
D'ETTORRE,5
DEUFEMIA,11
D'EUFEMIA,12
DEVETERIS,1
DEVILLI,1
DEVITO,3
DEVIVO,1
DHAFER,6
DHILLON,1
DHULI,5
DI ANTONIO,1
DI BARBARO,2
DI BARI,11
DI BATTISTA,4
DI BELLA,1
DI BELLO,9
DI BENEDETTO,3
DI BERNARDO,1
DI BITONTO,11
DI BLASI,1
DI BONO,1
DI BRINDISI,1
DI BRIZIO,6
DI BUDUO,1
DI CAMPI,1
DI CANDIA,9
DI CANIO,2
DI CARLO,1
DI CARO,33
DI CECCA,109
DI CESARE,48
DI CHIO,1
DI CIANCIA,3
DI CORLETO,5
DI COSTANZO,4
DI COSTOLA,4
DI CUIA,375
DI CUIO,5
DI CUNTO,2
DI DIO,8
DI DOMENICO,2
DI DONATO,14
DI DONFRANCESCO,3
DI DONNA,3
DI FAZIO,4
DI FEO,1
DI FIANDRA,1
DI FONZO,6
DI FRANCESCO,3
DI FRANCO,4
DI GENNARO,6
DI GENOVA,6
DI GESU',1
DI GIA',5
DI GIACOMO,12
DI GIGLIO,2
DI GILIO,5
DI GINOSA,25
DI GIOIA,35
DI GIORGIO,10
DI GIROLAMO,5
DI GIULIO,17
DI GIURA,1
DI GRAZIA,3
DI GREGORIO,4
DI LECCE,499
DI LENA,130
DI LEO,28
DI LEONE,1
DI LIDDO,26
DI LIETO,1
DI LOLLI,3
DI LORENZO,8
DI LUCCA,1
DI MAGGIO,3
DI MAIO,4
DI MARCO,2
DI MARIA,1
DI MARIO,1
DI MARO,3
DI MARSICO,24
DI MARZIO,197
DI MASE,3
DI MATTEO,7
DI MAURO,2
di MEO,4
DI MODUGNO,3
DI MOLFETTA,1
DI MONTE,3
DI MUCCIO,1
DI MURO,10
DI NALLO,1
DI NAPOLI,15
DI NARDO,5
DI NATALE,4
DI NOI,3
di NOIA,41
DI NOLA,3
DI NUNNO,2
DI PADOVA,1
DI PALMA,7
DI PALO,6
DI PAOLA,5
DI PASCA,2
DI PASQUA,7
DI PASQUALE,9
DI PEDE,356
DI PEDE DI CECCA,1
DI PELO,10
DI PERNA,4
DI PIERRO,8
DI PIETRO,6
DI PINTO,6
DI PIPPA,2
DI PIZZO,6
DI POTO,3
DI RELLA,1
DI RENZO,1
DI RISO,3
DI ROSE,4
DI RUGGIERO,1
DI RUVO,3
DI SALVO,1
DI SANTO,5
DI SCHIFO,2
DI SERIO,19
DI SIMINE,72
DI SIRIO,1
DI STASI,3
DI STEFANO,30
DI TARANTO,10
DI TERLIZZI,4
DI TINCO,2
DI TOMASO,1
DI TOMMASO,5
DI TRANI,24
DI TRANO,1
di TRIA,5
DI TROIA,6
DI TULLIO,2
DI TURSI,2
DI VENERE,2
DI VINCENZO,1
DI VITA,1
DIABY,1
DIACONESCU,1
DIAKITE,1
DIALLO,6
DIAMANTE,1
DIAMBI,1
DIANA,10
DIARRA,1
DIAZ DE LOS SANTOS,1
DIAZ OLIVARES,1
DIBELLO,4
DIBENEDETTO,4
DIBERNARDI,1
DIBIASE,2
DIBRA,1
DIBRIZIO,5
DICANDIA,4
DICANIO,12
DICATALDO,1
DICE',1
DICECCA,6
DICEMBRINO,1
DICHIO,10
DICIAULA,2
DICIOCIA,3
DICORLETO,1
DICRISTO,1
DICUZZO,1
DIDEBASHVILI,1
DIDIO,17
DIDONATO,1
DIDONNA,1
DIELE,1
DIENE,1
DIFATO,7
DIFIGOLA,1
DIFINA,1
DIFONZO,15
DIFRANCESCO,5
DIGIESI,4
DIGILIO,21
DIGIOIA,14
DIGIORGIO,4
DIGIROLAMO,39
DIGIUSEPPE,9
DIGLI,1
DIGNO,2
DIGRAZIA,7
DIGRAZIO,2
DIGREGORIO,24
DILALLO,7
DILECCE,1
DILELLA,1
DILEMA,5
DILENA,5
DILENGE,7
DILEO,45
DILIBERTO,1
DILIDDO,2
DILILLO,11
DILORENZO,2
DILUCIA,2
DIMA,1
DIMASE,4
DIMASI,1
DIMASO,5
DIMATTEO,14
DIMATTIA,6
DIMAURO,7
DIMICHINO,19
DIMILTA,14
DIMITA,24
DIMITO,3
DIMITROVA,1
DIMOLA,6
DIMONA,10
DIMOTTA,7
D'IMPERIO,1
DIMUCCI,4
DIMUCCIO,18
DIN,1
DINANG KWAYEP,1
DINAPOLI,1
DINAPOLI MARZANO,1
DINARDO,8
D'INCOGNITO,1
DINELLA,4
DING,4
DINI,1
DINICE,1
DININNI,3
DININNO,1
DINISI,8
DINNELLA,6
D'INNELLA,1
DINOIA,1
DINOTA,3
D'INTRONO,1
DINU,2
DIOMEDA,2
DIOMEDE,1
DIONE VOLPE,1
DIONISIO,1
DIOP,3
DIOUF,1
DIPACE,3
DIPADOVA,1
DIPALMA,10
DIPALO,4
DIPAOLA,6
DIPERNO,3
DIPERSIA,8
DIPIERO,1
DIPIERRO,9
DIPRIMO,2
DIRAGO,6
DIRAR ARAYA,2
DIRENZO,6
DIRIENZO,1
DIROCCO,1
DIROMA,1
DISABATO,8
DISANTO,8
DISIMINO,6
DISISTO,2
DISO,4
DISOGRA,14
DISOPRA,2
DISTASI,3
DISTEFANO,6
DITARANTO,15
DITELLA,4
DITOLVE,1
DITOUM MAPILA,1
DIVANNO,1
DIVANO,4
DIVELLA,2
DIVITTORIO,3
DIVONA,1
DIZOZZA,1
DJARRA,1
DJOMOTCHOUA,1
DOBANDA,1
DOBOS,1
DOBRE,1
DOBREVA,1
DOBRIN,2
DOBROVICI,1
DOKKALI,1
DOLCEMASCOLO,2
DOLHASCANU,1
DOMENICHIELLO,65
DOMINGUEZ MARTINEZ,1
DONA,24
DONA',3
DONADEI,1
DONADIO,13
DONADONI,1
DONATIVO,1
DONES,3
DONG,2
D'ONGHIA,4
DONISI,6
DONNAPERNA,1
DONNO,2
DONNOLA,17
DONNOLI,16
D'ONOFRIO,8
DONVITO,67
D'OPPIDO,46
DORATO,1
DORE,1
D'ORETO,1
DORIA,4
DORNA,1
DORONZIO,5
D'ORSI,3
DOS SANTOS,2
DOSTI,3
DOSTUNI,1
DOSUMU,2
DOTTORINI,39
DOTTORINO,12
DOUBELL,1
DOUCOURE',1
DOVHA,1
DRAGANESCU,1
DRAGHICI,1
DRAGO,1
DRAGONE,46
DRAGONETTI,25
DRAICCHIO,5
DRAME,2
DRAMU,7
DRANOV,1
DRAR ARAYA,1
DRESDA,2
DRIU,1
DRIZA,1
DROSI,1
DU,2
DUBLA,20
DUCA,4
DUDCIAK,1
DUDINA,1
DUDUMAN,1
DUGGENTO,3
D'UGGENTO,1
DUMA,2
DUMEA,1
DUMITRU,1
DUMONT,1
DUNI,86
DUNI PLASMATI,12
DUNI-PLASMATI,1
DUPRET,3
DURACCIO,1
DURAND,1
DURANTE,10
DURNEA,1
DURSINA,1
D'URSO,1
DURU,2
EBERE,1
EBHODAGHE,1
EBOLI,1
EBREO,12
EDGE,1
EDOKPAYI,1
EDOMAWONYI,1
EDWARD,1
EGBENAYABUWA,1
EGHUVWAKPOR,1
EGUSQUIZA,1
EGUSQUIZA TAMAYO,1
EHIAGUINAH,1
EL GENDY,1
EL GHOUL,3
EL HADDI,1
EL HAOUZI,7
EL HOUFY,1
EL KASIMI,2
EL MAATAOUI,1
EL MABROUK,3
EL MAHROUG,1
EL MAJHOUDY,1
EL MOKADDEM,1
EL OMEIRI,3
ELEOSIDA,1
ELETTI,36
ELETTO,4
ELETTRICO,34
ELIA,6
ELIANI,1
ELKRIFI,1
ELMO,1
ELSHAZLY,1
EMANUELE,1
EMMA,1
ENACHE,2
ENDIMINI,2
ENDURANCE,1
ENEA,1
ENNADIRI,1
EPIFANI,4
EPIFANIA,99
ERAMO,17
ERCOLINO,3
ERHEL,2
ERRICONE,1
ERSILIANO,3
ESPINOSA RONCALLO,1
ESPOSITO,30
ESPOSITO-VINGIANO,1
ESPOSTO,15
ESSAGHIR,1
ESSAIDI,5
ESTADIEU,1
ETTORRE,28
EUFEMIA,1
EVANGELISTA,14
EWANSETIN,1
EZ ZAGHRARY,1
EZAMA,1
EZEALA,1
FABIANO,37
FABRIZIO,162
FACCIA,49
FACCIOLO CELEA,7
FACENDOLA,4
FACHECHI,2
FACLIERU,5
FACONDA,1
FADDA,1
FADEL,1
FADINI,1
FADOUL,2
FAGGIANO,3
FAILLACE,1
FALASCA,1
FALCICCHIO,22
FALCO,4
FALCONE,26
FALCONIERI,8
FALIERO,4
FALLETI,3
FALOTICO,14
FALVELLA,4
FAMA',3
FANELLA,2
FANELLI,21
FANIELLO,9
FANIZZA,1
FANTASIA,9
FANTCHUI,1
FANTINI,1
FANTUZZI,1
FANUELE,10
FANUZZI,3
FARCAS,1
FARELLA,11
FARHAT,3
FARINA,19
FARINOLA,11
FARRUGGIO,1
FARULLO,1
FARUOLO,3
FASANO,41
FASCELLA,2
FASIELLO,1
FATIGUSO,9
FATO,1
FATONE,3
FATTORE,11
FATTY,1
FAVA,4
FAVALE,12
FAVILLI,3
FAVOINO,14
FAZIO,5
FAZZINO,8
FEDELE,6
FEDERICI,3
FEDERICO,7
FEDOSOVA,1
FEDOTOVA,1
FELICETTI,4
FELLA,1
FELLINE,2
FEMIA,1
FENG,1
FENSORE,12
FERACO,7
FERIOZZI,5
FERLITO,1
FERNANDEZ,2
FERNANDEZ FARINA,1
FERORELLI,5
FERRA,5
FERRAGINA,3
FERRAINA,8
FERRAIUOLO,1
FERRAMOSCA,3
FERRANDINA,28
FERRANTE,21
FERRARA,65
FERRARESE,2
FERRARI,9
FERRARO,6
FERRARONI,7
FERREIRA DE OLIVEIRA RAGUSO,1
FERRERI,1
FERRETTI,1
FERRI,27
FERRINI,1
FERRO,5
FERRONE,3
FERRUCCIO-ZULLO,1
FERRULLI,9
FERRULLO,2
FERRUZZI,6
FESTA,509
FESTINO,9
FESTOSO,1
FETHALLAH,3
FEVOLA,1
FIAMMA,5
FICARELLA,4
FICARELLI,1
FICCADENTI,4
FIDANZIA,3
FIDELI,1
FIERIMONTE,1
FIERRO,3
FIGLIUOLO,6
FIGUNDIO,3
FILARDI,1
FILATRELLA,1
FILAZZOLA,7
FILICE,2
FILIOREANU,1
FILIP,2
FILIPPELLI,1
FILIPPETTI,4
FILIPPI,1
FILIPPO,2
FILIPPUCCI,4
FILITTO,3
FILOCAMO,3
FILONI,2
FILOTI,1
FILOTICO,2
FINAMORE,30
FINATTI,7
FINAZZO,1
FINEO,2
FINI,3
FINIGUERRA,1
FINIZIO,1
FIORAVANTE,3
FIORE,250
FIORELLI,1
FIORENTINO,35
FIORENZA,1
FIORETTI,3
FIORILLO,1
FIORINO,18
FISCHETTI,2
FITTIPALDI,13
FLACE,24
FLAMINIO,2
FLOARES,1
FLORA,1
FLORE,2
FLOREA,1
FLORES,1
FLORES URRA,1
FLORI,6
FLORIDDIA,1
FLORIDIA,4
FLORIELLO,2
FLORIO,8
FLUMERO,42
FLUMINE,4
FOCACCIA,6
FOFANA,1
FOGLIANO,1
FOLLIA,11
FONGA,1
FONTANA,183
FONTANAROSA,78
FONTANESI,1
FONTI,1
FORASTIERO,1
FORENZA,1
FORESE,4
FORESTA,3
FORESTIERI,2
FORGIONE,5
FORINO,4
FORLENZA,2
FORLEO,2
FORLIANO,1
FORLINO,1
FORMATO,3
FORMICA,2
FORMICHELLA,14
FORNABAIO,5
FORNATARO,15
FORSENNATO,1
FORTE,28
FORTINO,1
FORTUNA,10
FORTUNATO,68
FOSCHINI,1
FOSCHINO-BARBARO,2
FOSSANOVA,17
FOTI,4
FRACASSO,3
FRACCALVIERI,46
FRACCASCIA,2
FRADUSCO,1
FRAGAPANE,2
FRAGASSO,54
FRANCAVILLA,1
FRANCESCHINI,1
FRANCHINI,4
FRANCHINO,11
FRANCIONE,70
FRANCIOSO,1
FRANCISCA MARTINS,1
FRANCO,20
FRANCO ROQUE,1
FRANCOLINO,5
FRANCOMAGRO,13
FRANCU,1
FRANCULLI,1
FRANGIONE,63
FRANTUMA,1
FRAPPAMPINA,1
FRASCA,1
FRASCATI,30
FRASCATI PIEPOLI,1
FRASCELLA,41
FRASCINO,1
FRASCONI,1
FREGA,3
FRESCURA,2
FREULI,2
FRIEDERICHS,1
FRIGIOLA,1
FRISENDA,1
FRIULI,1
FROIO,1
FRONCILLO,1
FRUSTACE,1
FRUTTUOSO,1
FU,7
FUCARINO,3
FUCCI,2
FUCHS,1
FUDA,5
FUGARO,8
FUINA,4
FULCO,4
FUMAROLA,6
FUMI,4
FURIATO,1
FURIOSI,1
FURIOSO,3
FURLO',1
FURNADZHIEVA,1
FURNARI,2
FURNO',1
FUSCO,5
FUSIELLO,13
FUSILLO,3
FUSNEICA,3
GABELLONE,2
GABOR,3
GABRIELE,4
GABRIELI,1
GAETA,2
GAETANO,6
GAGLIARDI,75
GAGLIO,1
GAJOS,1
GALA,1
GALABOVA,1
GALANTE,53
GALARZA,2
GALASSO,6
GALATI,8
GALATI-SANTANGELO,1
GALATO,3
GALATOLA,1
GALAZKA,4
GALEAZZO,3
GALEOTA,32
GALESSIERE,18
GALETTA,19
GALGANO,10
GALIANDRO,1
GALIANI,1
GALIANO,1
GALIETI,1
GALIMI,1
GALLA,1
GALLETTI,8
GALLI,3
GALLIANI,3
GALLICCHIO,4
GALLIPOLI,10
GALLITELLI,3
GALLITTO,3
GALLO,37
GALLOTTA,6
GALLUCCI,3
GALLUZZI,1
GALOPPANTE,1
GALOTTI,3
GALOTTO,1
GALTIERI,17
GALUSCA,1
GALVAN,1
GAMBARDELLA,1
GAMBETTA,29
GAMBINO,1
GAMMARIELLO,3
GAMMARROTA,6
GANDI,5
GANGI,4
GAO,2
GARAGUSO,8
GARATTI,1
GARBELLANO,2
GARGANO,8
GARGIULO,4
GARIPOLI,3
GARLATTI,1
GAROFALO,18
GARONE,5
GARRAMONE,4
GARRO,1
GARRUTI,1
GARTNER,1
GARULLI,2
GARVANOVA,1
GARZONE,2
GASBARRI,6
GASPERINI,1
GASSAMA,1
GASTALDI,1
GATLAN,1
GATTA,6
GATTI,19
GATTO,1
GAUDIANO,401
GAUDIO,18
GAUDIOMONTE,1
GAUTIERO,1
GAVAZZENI,1
GAVRILA,1
GAVRILUT,1
GAVRILUTA,1
GAVRYLIUK,1
GAZZANEO,2
GELATU,2
GELSOMINO,16
GELSUMINO,1
GEMMA,5
GENAO,1
GENCHEVA,1
GENCHI,11
GENCO,13
GENET,1
GENIO,1
GENOVESE,11
GENTILE,42
GENZANO,3
GEORGIEVA,3
GERARDI,2
GERCHEVA,1
GERENAVA,1
GERONIMO,1
GESMUNDO,1
GESU',1
GESUALDI,2
GESUALDO,1
GHEBAC,1
GHEDIN,2
GHERBE,1
GHERGHESCU,1
GHERGHICEANU,3
GHERSI,2
GHILARDI,10
GHOUL,1
GIACALONE,1
GIACCARI,3
GIACCOTTO,1
GIACHELLA,1
GIACOBBE,1
GIACOBINI,3
GIACOIA,73
GIACOMINO,4
GIACOMOBELLO,3
GIACULLI,29
GIACUMBO,2
GIAFFREDA,1
GIAGNORIO,1
GIALANELLA,1
GIALDINO,11
GIAMBA,1
GIAMBONA,1
GIAMMARIA,9
GIAMMARRUSTI,3
GIAMMETTA,12
GIAMMETTI,2
GIAMPETRUZZI,9
GIAMPIETRO,9
GIANCANE,10
GIANCASPRO,2
GIANCIPOLI,41
GIANCOLA,5
GIANDOMENICO,15
GIANFRANCESCO,1
GIANGIPOLI,4
GIANGRANDE,1
GIANGRASSO,1
GIANNANDREA,4
GIANNANTONIO,15
GIANNATELLI,6
GIANNELLA,18
GIANNETTI,1
GIANNETTONI,1
GIANNICO,4
GIANNINI,16
GIANNOTTA,6
GIANNOTTI,1
GIANNOTTO,7
GIANNUZZI,14
GIARDINETTI,1
GIARDINO,3
GIASE,6
GIASI,80
GIGANTE,10
GIGAURI,1
GIGLIO,25
GIGLIOTTI,1
GILARDI,1
GILIBERTI,3
GILIGASHVILI,1
GILIO,3
GINAILO,1
GIOCOLI,12
GIOCONDA,1
GIOFFREDI,2
GIOIA,2
GIORDANO,214
GIORGIALONGO,34
GIORGINO,1
GIORGIO,12
GIORGIOLE',1
GIORKHELIDZE,1
GIOSCIA,1
GIOSEFFI,1
GIOSUE',1
GIOVANNELLI,34
GIOVANNINI,3
GIOVE,32
GIOVINAZZI,3
GIOVINAZZO,3
GIRARDI,14
GIRGENTI,1
GIRI,2
GIRIMONTE,1
GIROLAMO,7
GISMONDI,2
GIUDICE,1
GIUDICEPIETRO,22
GIUDICI,1
GIUFFRIDA,4
GIUGLIANO,8
GIUGNO,1
GIULESCU,2
GIULIANA,1
GIULIANI,20
GIULIANO,1
GIUNGATO,1
GIUPPA,1
GIURA,1
GIURA LONGO,14
GIURATO,1
GIUSTI,3
GIUSTIZIERI,2
GIUSTO,36
GJEKOLA,7
GJONI,1
GLAUNER,1
GLAVSHINA,1
GLINNI,3
GLIONNA,7
GLOWCZYNSKA,3
GLOWCZYNSKI,1
GNOCCHI,5
GNURLANDINO,3
GOBBIS,1
GODANI,1
GODMAN,2
GOFFREDO,2
GOGHIE,1
GOMEZ JIMENEZ,1
GONZALEZ,1
GONZALEZ COVILI,1
GOODMAN,1
GORDIN,1
GORGA,3
GORGOGLIONE,9
GORGONE,5
GORSCHI,3
GRADINARU,3
GRAMAGLIA,2
GRAMATIKOVA,1
GRAMEGNA,5
GRAMEGNATOTA,1
GRAMMATICO,1
GRANATA,1
GRANCHAROVA,1
GRANDE,29
GRANDINO,2
GRANDOLFO,1
GRANESE,1
GRANIERI,16
GRANO,2
GRASSANI,16
GRASSANO,22
GRASSI,19
GRASSO,3
GRAVELA,113
GRAVINA,29
GRAVINESE,5
GRAY,4
GRAZIADEI,2
GRAZIANI,1
GRAZIANO,16
GREAT,1
GRECA,2
GRECO,12
GREGO,7
GRIECO,255
GRIESI,3
GRIGORAS,5
GRIGOROV,1
GRILLI,33
GRILLO,6
GRILLO COPPOLA,2
GRIMALDI,3
GRIPPA,1
GRIPPO,7
GRISOLIA,3
GRITTANI,9
GROENEWALD,1
GROPPI,3
GROSSI,23
GROSSO,3
GROSSO-LAVALLE,1
GROZESCU,1
GRULICH,1
GRUMEZA,1
GUADAGNO,5
GUALANO,2
GUALTIERI,13
GUAN,5
GUANCIALINO,4
GUANDALINI,1
GUANTI,50
GUARAGNA,1
GUARINI,11
GUARINO,30
GUARNIERI,13
GUASBI,10
GUASTAMACCHIA,3
GUAZZIERI,1
GUCCI,8
GUDZINSKA,1
GUEDRI,1
GUEGUEN,4
GUELLOUR,4
GUERRA,4
GUERRICCHIO,69
GUERRIERI,9
GUGLIELMI,10
GUGLIELMUCCI,14
GUIDA,129
GUIDI,1
GUIDO,1
GUIDONE,2
GUIDOTTI,18
GUISA,1
GULLA' OLIVERI,1
GULLI',3
GULMINI,1
GUNARATHENAM,1
GUNARATNAM,1
GUO,5
GURGO,1
GURRADO,35
GUTIERREZ VARGAS,1
GUZA,1
GYASI,4
HABBI,10
HABIB,1
HADDISH DIRAR,2
HADZHIEVA,1
HAGEMEISTER,1
HAIDANE,5
HAJ ALI,1
HALILAJ,3
HAMAD,3
HAMDANE,1
HANGANU,3
HANIFI,1
HANNA,1
HANU,1
HARABAGIU,2
HARDALIEVA,1
HASANI,2
HAVRYLYUK,1
HAYDAY,1
HE,27
HENDI,1
HERNANDEZ ROVIROSA,1
HERNANDEZ TORRES,1
HIBLYAK,1
HILAL,1
HONG,1
HONNEN,1
HOOLEY,2
HOPPMANN,1
HOSSAIN,5
HOSSAIN RAJON,1
HRISTOVA,1
HU,4
HUANG,26
HUSAKOVSKA,1
HUZUM,1
HYDARA,1
IACOB,1
IACOBELLI,3
IACOBELLIS,17
IACOBUCCI,5
IACOMINI,12
IACONIANNI,1
IACONIS,1
IACOVAZZI,13
IACOVAZZO,3
IACOVINO,15
IACOVONE,418
IACOVUZZI,52
IACULLI,2
IAFFALDANO,1
IAIA,6
IAMANDACHE,1
IAMANDII,3
IAMPIETRO,3
IANARO,9
IANDOLO,1
IANNACONE,1
IANNARELLA,5
IANNELLA,4
IANNIELLO,1
IANNIRUBERTO,1
IANNUCCI,1
IANNUZZI,9
IANNUZZIELLO,11
IARDO,1
IASIUOLO,21
IAVARONE,1
IAZZETTA,1
IBRAHIM,6
IBRAHIM HASSAN DANDOUR,1
IBRAHIMA,1
IBRYAMOVA,1
ICHIM,1
IDEHEN,1
IELPI,1
IELPO,5
IERARDI,12
IERINO',7
IEROVANTE,3
IEVA,5
IGBINOVIA,2
IGHARO OSAYUKI,1
IGNAT,1
IGNOMERIELLO,3
IGZARE,3
IHEANACHO,1
IKE,1
ILASCU,1
ILIESCU,2
ILIEVA,3
ILIN,1
ILINA,1
ILLUMINATI,2
ILVENTO,4
IMBREA,13
IMBRIACO,3
IMPELLIZZERI,2
IMPERATORE,8
IMPERATRICE,2
IMPERIALE,7
IMPERIO,3
INCAMPO,23
INCARBONA,6
INCARNATO,1
INCHINGOLO,1
INCONSI,1
INCREMONA,3
INFANTE,2
INFANTINO,3
INGLESE,10
INGRASSIA,1
INGRAVALLO,15
INGROSSO,1
INGUSCI,7
INNELLA,11
INNOCENTI,4
INTELLIGENTE,5
INTELLIGENZA,14
INTINI,7
INTOCCIA,3
INTROCASO,2
INVERSI,3
IODICE,2
IONESCU,2
IONITA,1
IONITA',1
IORDACHE,1
IORIO,6
IOSCA,9
IOSUB,1
IOZZI,1
IPPOLITO,12
IRENE,4
IRIMIA,1
IRRERA,1
IRSHAD,1
ISAIC,3
ISCERI,1
ISMAIL,1
ISMAIL MOHAMED,1
ISOLDO,1
ISONZO,7
ISTREFI,3
IUELE,3
IULA,5
IULIANO,5
IUORNO,4
IURILLI,1
IURLARO,2
IVAN,2
IVANOV,1
IVANOVA,6
IVANOVA POPOVA,1
IVASCU,1
IVOLELA,1
IYAMU,1
IZEM,2
JABBI,2
JABRE,1
JAIBUN,1
JALIA,1
JALLOW,3
JAMAL ALI,1
JAMAL HASAN,1
JAMES,1
JANTONIU,1
JARJU,2
JELUZZI,1
JENNINGS,1
JERO,1
JI,1
JIANG,2
JIN,2
JIPA,1
JOE,1
JOHNNY,1
JORGE MOYSES,1
JOSEPH,1
JUNCANARIU,1
KACI,1
KAKRIASHVILI,1
KALAVACE,1
KALITVENTSEVA,1
KALLASHI,1
KALYAL,3
KAMAL,1
KAMAL ALI,1
KAMAU,1
KANCHEVA,1
KANE,1
KANEV,1
KANTEH,2
KAOUKAB,1
KAPLLANI,5
KARAJ,1
KARAMBE',1
KARIMI RIZI,1
KAUR,11
KAVTARADZE,1
KAZANI,7
KCHOK,1
KEBE',1
KEFLU,1
KEITA,2
KENZO EPSE NGAMI,1
KERCUKU,2
KEROUCHI,2
KESSOUAGNI,2
KHAN,3
KHATIB,1
KHELIFI,1
KHURSHID,1
KINGSLEY,2
KIRILOVA,1
KISRI,1
KISS,4
KITANOVA,1
KLANAC,11
KLUCKEN,1
KMET,1
KNDYA TESEMA,1
KNEZHANSKA,1
KOKAIA,1
KOKOSCHINEG,1
KOLARSKA,1
KOLBUSZ,1
KOMAROVSKA,1
KOMBELEMSIGRI,1
KONATE',1
KONE,2
KONECNA,1
KONTE,1
KONTE',1
KOPROWSKA,1
KOSAKOWSKA,1
KOSLOWSKI,1
KOSTOVA,1
KOSTRYETSOVA,1
KOTB ABDELRAZK HENISH,1
KOTSEVA,2
KOUABENAN ATTA,1
KOUMARINOS,1
KOUSSANTA,1
KOVALOV,2
KOVALOVA,2
KOWALSKA-RUBINO,1
KOZHUHARSKA,1
KRASNIQI,6
KRECHKIV,1
KRUPA,1
KRYZHENOVSKA,1
KUKAVA,1
KUKHTA,1
KUMAR,1
KUMARAGURUMOORTHY,1
KUMOREK,2
KUNEVA,1
KUNYNETS,1
KUPETSKA,1
KUQO,4
KURASBEDIANI,1
KURASHVILI,1
KURTI,5
KURYSH,1
KUSHI,6
KUSHNIR,1
KUTAY,1
KUTSANOV,1
KUYATEH,1
KWAKU,1
KWKU,1
KYNYTSKA,1
LA BOLLITA,1
LA BRIOLA,11
LA CALAMITA,8
LA CAMERA,1
LA CARPIA,3
LA CASA,1
LA CAVA,6
LA CENTRA,1
LA CIVITA,3
LA FORESTA,1
LA GIOIA,1
LA MARRA,1
LA MASA,1
LA MONACA,2
LA NOCE,3
LA PADULA,3
LA PALOMBARA,1
LA PORTA,1
LA ROCCA,6
LA ROSA,3
LA RUSSA,1
LA SAPONARA,1
LA TORRACA,2
LABALESTRA,2
LABANCA,2
LABANI,2
LABARBUTA,16
LABARILE,36
LABATE,1
LABBATE,10
LABBATTAGLIA,25
LABBRUZZO,2
LABELLA,1
LABIAD,2
LABIANCA,2
LABID,1
LABITZKE,1
LABOLLITA,1
LABRIOLA,13
LABYS,1
LACALAMITA,3
LACANFORA,1
LACANNA,8
LACAPRA,1
LACASA,5
LACATENA,5
LACERENZA,2
LACERRA,5
LACERTOSA,12
LACETERA,18
LACI,2
LACOPETA,13
LACOVARA,11
LACROCE,1
LACZKOWSKA,4
LACZKOWSKI,2
LADDAGA,3
LADISI,12
LADOGANA,3
LAERA,1
LAFASANELLA,29
LAFERGOLA,1
LAFIOSCA,9
LAFORGIA,2
LAFORTEZZA,12
LAFRATTA,2
LAGALANTE,7
LAGANA',5
LAGIOIA,9
LAGONIGRO,11
LAGRASTA,1
LAGRECA,4
LAGUARDIA,16
LAHA,1
LAHMAR,1
LAI,9
LAINO,2
LAISO,1
LAKBIR,1
LAKE,1
LAKHDARI,1
LALINGA,3
LAMACCHIA,318
LAMACCHIA ACITO,11
LAMAGNA,20
LAMAINA,2
LAMANNA,38
LAMARCA,1
LAMARRA,1
LAMASTRA,5
LAMATTINA,1
LAMBERTI,1
LAMBERTINI,14
LAMOLA,1
LAMONICA,3
LAN,6
LANARO,1
LANCELLOTTI,3
LANDI,1
LANGELLOTTI,3
LANGERANO,3
LANGONE,1
L'ANNUNZIATA,19
LANOTTE,3
LANZA,9
LANZARA PAVLOVSKA,1
LANZETTA,3
LANZILLOTTA,4
LANZILLOTTO,1
LANZILOTTI,2
LANZOLLA,18
LAPACCIANA,91
LAPADULA,12
LAPEGNA,2
LAPELOSA,4
LAPENNA,5
LAPENTA,2
LAPERCHIA,62
LAPICCIRELLA,1
LAPOLLA,107
LAPOZYK,4
LAPSHINA,1
LAQUALE,9
LARATO,25
LARDINO,3
LARDO,2
LARENZA,5
LARGATE,1
LARGO,10
LARICCHIA,5
LAROCCA,18
LAROTONDA,36
LARUCCIA,1
LASAGNI,1
LASALA,26
LASALANDRA,5
LASALATA,8
LASALVIA,27
LASAPONARA,3
LASCARACHE,1
LASCARO,61
LASKINA STOYKOVA,1
LASSANA,1
LASSANDRO,3
LASSER DELGADO,1
LATANZA,2
LATEANA,4
LATEGANA,2
LATELA,5
LATERZA,63
LATERZA SCALERA,2
LATORRACA,2
LATORRATA,2
LATORRE,162
LATROFA,1
LATRONICO,16
LATTANZI,1
LATTARULO,1
LAUDADIO,4
LAUDANI,3
LAUDISA,1
LAULETTA,1
LAURENTACI,1
LAURENZANA,5
LAURENZANO,1
LAURIA,26
LAURICELLA,1
LAURIERI,18
LAURIERO,1
LAURITA,6
LAURITO,1
LAURO,1
LAUS,1
LAVAIA,1
LAVARRA,1
LAVECCHIA,15
LAVERMICOCCA,1
LAVIERO,4
LAVIGNA,5
LAVIOLA,7
LAVRIC,4
LAVRONENKO,1
LAZAROVA,1
LAZAZZARA,2
LAZAZZERA,23
LAZETERA,6
LEANCA,1
LEANZA,3
LEARDI,6
LEBANO,1
LEBRASSE,2
LECCESE,1
LECCHI,1
LECCI,20
LECCO,1
LEDDA,1
LEGAUDAITE,1
LEGGIERI,4
LEJOSNE,1
LELLA,33
LEMMA,3
LENCE,5
LENGE,3
LENOCI,9
LEO,15
LEOGRANDE,1
LEON SANCHEZ,1
LEONARDIS,1
LEONE,32
LEONE URAKOVA,1
LEONETTI,1
LEONTINO,1
LEOPALDI,1
L'EPISCOPIA,19
LEPORE,6
LERARIO,1
LEROSE,13
LERRO,7
LESCE,1
LETIZIA,3
LEZZI,1
LI,12
LI POMI,1
LIAN,5
LIANTONIO,17
LIAO,3
LIBARDI,1
LIBERACKI,1
LIBERATORE,3
LIBERIO,4
LIBONATI,12
LIBUTTI,1
LICCARDI,1
LICCESE,8
LICCHELLI,21
LICCIARDELLO,7
LIERSCH,1
LIETO,3
LIFRANCHI,6
LIGUORI,1
LIGURGO,5
LILLI,2
LILLO,27
LILOIA,1
LIMATOLA,4
LIMBOVICI,1
LIMITE,18
LIMONGI,3
LIN,35
LIN ZHUXIN,1
LINDE BERTOMEU,1
LINDE CAMACHO,3
LINFANTE,1
LINGUITI,2
LINOCI,1
LINSALATA,17
L'INSALATA,1
LINZALONE,20
LINZITTO,1
LIOI,1
LIOIA,1
LIONETTI,212
LIOTTA,1
LIPARI,7
LIPPOLIS,60
LISANTI,66
LISBONA,5
LISCO,1
LISENO,1
LISI,2
LISTA,3
LISURICI,14
LIU,8
LIUNI,4
LIUZZI,53
LIVRIERI,1
LLALLA,1
LO,1
LO BIANCO,7
LO BOSCO,1
LO DUCA,1
LO FORTE,1
LO FRANCO,6
LO GIUDICE,1
LO GROSSO,2
LO IZZO,5
LO MARTIRE,4
LO MASSARO,4
LO MONACO,4
LO MURNO,4
LO MUTO,1
LO NIGRO,9
LO PONTE,1
LO PRESTI,2
LO RUSSO,2
LO SQUADRO,5
LO VAGLIO,1
LOBACCARO,1
LOBASCIO,3
LOBEFARO,13
LOBOSCO,2
LOBRESCO,1
LOCANTORE,47
LOCAPO,27
LOCAPO ORQUERA,2
LOCAPO PAREDES,1
LOCASO,1
LOCATELLI,1
LOCECERE,3
LOCILENTO,2
LOCONSOLE,1
LOCONTE,2
LOCORATOLO,7
LOCUNTO,5
LOCURATOLO,7
LODRINI,6
LOFFREDO,1
LOFFRENO,5
LOFIEGO,1
LOFORESE,5
LOFRANO,1
LOFRESE,5
LOFRUMENTO,13
LOGALLO,128
LOGIUDICE,31
LOGLISCI,5
LOGOLUSO,1
LOGRANO,14
LOGRILLO,1
LOGRIPPO,1
LOGUERCIO,2
LOIACONO,2
LOIELO,1
LOIODICE,6
LOIUDICE,25
LOIZZO,3
LOLAICO,5
LOLI,1
LOMAGISTRO,9
LOMARTIRE,2
LOMASTRO,5
LOMASTRO BIDETTI,1
LOMBARDI,22
LOMBARDO,4
LOMONACO,14
LOMURNO,53
LOMUSCIO,1
LONERO,1
LONGO,64
LONGOBARDI,3
LONIGRO,4
LOPANE,1
LOPARCO,16
LOPATRIELLO,7
LOPEDOTA,11
LOPERFIDO,229
LOPERGOLO,53
LOPETUSO,1
LOPEZ,25
LOPEZ LOPEZ,1
LOPEZ POMPA,1
LOPONTE,17
LOPORCARO,9
LOPORCARO COLONNA,1
LOPRESTO,2
LOPS,2
LOQUERCIO,1
LORE',16
LORENZO,7
LORENZONI,1
LORETO,10
LORUBBIO,2
LORUSSO,105
LOSACCO,14
LOSACCO FEDOTOV,1
LOSAPIO,1
LOSCALZO,13
LOSCHIAVO,67
LOSCO,10
LOSENNO,1
LOSETO,2
LOSIGNORE,175
LOSITO,58
LOSPALLUTO,2
LOSPINUSO,15
LOSQUADRO,1
LOSTRANGIO,3
LOSURDO,9
LOTITO,22
LOTRIONTE,3
LOTUMOLO,2
LOVECCHIO,13
LOVECE,2
LOVERO,1
LOVINO,3
LOZBERGA,1
LOZOVA,1
LOZOWY,1
LU,5
LUBRACO,1
LUCA,2
LUCARELLA,10
LUCARELLI,17
LUCARINI,10
LUCATUORTO,6
LUCCARELLI,1
LUCCI,1
LUCERI,17
LUCHENA,6
LUCIANI,6
LUCIANO,1
LUCICH,1
LUCIDI,14
LUCIDO,1
LUCISANO,1
LUFRANO,10
LUGARESI,1
LUGAS,1
LUISI,3
LUKASHYSHYNA,1
LUNALBI,20
LUNATI,3
LUNGU,2
LUO,7
LUONGO,7
LUPARELLI,1
LUPARIELLO,5
LUPI,1
LUPO,57
LUPOLI,4
LUPONE,1
LUPPARELLI,1
LUPU,3
LUSHINSKA,1
LUZI,1
LVOVYCH,1
LYUBCHYK,2
MA,1
MAAOUAG,3
MABROUK,1
MACAIONE,1
MACARIE,1
MACARIO,1
MACCA,2
MACCARRONE,4
MACCHIA,8
MACCIONE,1
MACELLA,1
MACHAIDZE,1
MACHKOUR,1
MACIEJEWSKA,1
MACINA,4
MACRI',1
MACSIM,2
MADARO,3
MADDALENA,4
MADDES,1
MADDIOTTO,1
MADHAR,2
MADIO,32
MADONNA,1
MAFARO,7
MAFFEI,18
MAFFIA,1
MAGALDI,1
MAGARIELLO,7
MAGGI,1
MAGGIO,7
MAGGIO PICECI,1
MAGGIORE,2
MAGGIPINTO,1
MAGLIE,3
MAGLIETTA,1
MAGLIO,3
MAGLIOCCHINI,4
MAGLIOLA,3
MAGLIONE,7
MAGNANI,3
MAGNANTE,13
MAGNI,9
MAGNO,6
MAGRI,3
MAGRI',1
MAGRINO,4
MAGRO,10
MAHDOUANI,4
MAHMUUD,1
MAHU,1
MAIKA,1
MAINO,37
MAIORANO,2
MAIULLARI,3
MAIZAREZ,1
MAJCHROWICZ,1
MAJDI,1
MAJDOUBI,2
MALA,1
MALACARNE,1
MALAGNINI,1
MALAJ,3
MALANGA,2
MALASPINA,1
MALCANGI,10
MALDERA,10
MALDONADO RODRIGUEZ,1
MALEK,1
MALFA,1
MALIHI,5
MALIZIA,1
MALLANO,5
MALLARDI,2
MALLIA,1
MALPEDE,3
MALTESE,1
MALVANI,5
MALVASI,11
MALVASO,6
MALVINNI,8
MALVIZZI,2
MAMMATO,3
MAMMUCARI,2
MANARELLO,2
MANCA,4
MANCINI,87
MANCINO,26
MANCIPINTO,3
MANCO,2
MANCUSI,1
MANCUSO,7
MANDAGLIO,1
MANDIELLO,2
MANDILE,2
MANDUCA,2
MANEA,1
MANFREDI,10
MANFREDONIA,1
MANGANARO,2
MANGANO,1
MANGIA,7
MANGIAFICO,3
MANGIALARDI,4
MANGIAMELE,1
MANGIAPIA,4
MANGIERI,19
MANGINI,9
MANGIONE,18
MANGO,2
MANICONE,402
MANNA,3
MANNARA,1
MANNARELLA,21
MANNARELLI,3
MANNI,4
MANNIELLO,1
MANNO,4
MANOLIO,3
MANOLOV,1
MANOLOVA,1
MANSI,1
MANSUETO,4
MANTARANO,2
MANTIA,1
MANTOVANI,5
MANUELLO,4
MANUPELLI,1
MANUTO,1
MANZARI,15
MANZARO,1
MANZI,5
MANZO,7
MAO,1
MAPPA,2
MARAGLINO,1
MARAGNO,243
MARANGHINO,7
MARANGI,1
MARANO,2
MARASCO,1
MARATIA,4
MARAZIA,9
MARCANGELO,20
MARCARELLI,2
MARCELLINO PELLICCIARI,3
MARCHESE,10
MARCHETTA,26
MARCHETTA ZAFFANELLA,1
MARCHETTI,9
MARCHIANO',1
MARCHIONNA,10
MARCHIONNO,3
MARCHIORI,1
MARCHISELLA,7
MARCHITELLI,17
MARCIUC,3
MARCON,1
MARCONE,1
MARCOSANO,113
MARCUCCI,2
MARELLA,2
MAREMONTI,34
MARGHERITI,2
MARGINICA,2
MARGIOTTA,5
MARIAN,2
MARIANI,4
MARIANO,14
MARIGLIANO,1
MARIN,4
MARIN ROMAN,1
MARINA,3
MARINACI,4
MARINARO,34
MARINCIAN,1
MARINELLI,10
MARINO,20
MARINO',3
MARINOTTI,3
MARINOVA,1
MARINUZZI,1
MARIONI,5
MARITAN,2
MARITI,1
MARKOVSKA,1
MARMO,1
MARMORINO,1
MAROLDA,14
MARONE,22
MAROSSI,1
MAROTTA,9
MARRA,17
MARRANO,1
MARRANZINI,3
MARRAUDINO,33
MARRESE,3
MARRI,1
MARROCCOLI,10
MARRONE,9
MARSEGLIA,1
MARSICANO,2
MARSICO,23
MARSILIO,9
MARTA,1
MARTELLI,10
MARTELLO,3
MARTEMUCCI,41
MARTI,3
MARTIELLI,1
MARTIMUCCI,1
MARTIN,2
MARTINA,6
MARTINELLI,54
MARTINESE,4
MARTINICO,4
MARTINO,165
MARTINS ANDRADE,1
MARTINS DE ANDRADE,1
MARTINS GOMES,4
MARTIRADONNA,19
MARTOCCIA,30
MARTONE,5
MARTUCCI,7
MARTULANO,5
MARTULLI,88
MARVULLI,4
MARZANO,4
MARZARIO,3
MARZIALE,1
MARZO,6
MARZOCCA,3
MARZOVILLI,2
MARZULLI,1
MASCARO,5
MASCELLARO,1
MASCIANDARO,113
MASCIULLI,1
MASCIULLO,9
MASCOLO,18
MASELLA,1
MASELLIS,3
MASI,12
MASIELLO,16
MASOTTI,1
MASSA,4
MASSAIA,1
MASSAIOLI,1
MASSARA,1
MASSARI,28
MASSARIELLO,3
MASSARO,9
MASSARWEH,3
MASSENZIO,3
MASTANDREA,2
MASTANTUONI,1
MASTORE,1
MASTRANDREA,1
MASTRO,1
MASTROCOLA,1
MASTRODOMENICO,5
MASTROGIACOMO,1
MASTROLILLI,7
MASTROMARINO,5
MASTROMATTEI,3
MASTRONARDI,42
MASTROPASQUA,1
MASTROPIRRO,2
MASTROROSA,1
MASTROSABATO,8
MASTROSIMONE,4
MASTROVITO,5
MASTURZI,6
MATACCHIERA,7
MATARAZZO,4
MATARRESE,3
MATEI,3
MATERA,225
MATERA MARCOSANO,8
MATERA SANTOCHIRICO,7
MATERA-MARCOSANO,1
MATERA-SANTOCHIRICO,1
MATERDOMINI,21
MATERI,11
MATICHECCHIA,7
MATOS DE LA ROSA,1
MATTANO',3
MATTATELLI,8
MATTEI,7
MATTEO,9
MATTIA,1
MATTIACCIA,1
MATTIACE,1
MATUBBAR,1
MAURIELLO,7
MAUTONE,1
MAXIM,1
MAYOMI GOD'S TIME,1
MAZUMDAR,1
MAZZA,10
MAZZAFERRI,1
MAZZARELLA,6
MAZZARONE,7
MAZZEI,29
MAZZILLI,43
MAZZIOTTA,6
MAZZITELLI,2
MAZZOCCA,1
MAZZOCCOLI,10
MAZZONE,17
MBACKE,1
MBECK,1
MBOWE,1
MC CRAE,1
MCHEDLISHVILI,1
MECCA,1
MEDINA,1
MEGA,4
MEHMOOD,1
MEHRETEAB,1
MEIOLI,1
MELAKE,1
MELASI,4
MELCHIORRE,1
MELE,66
MELFI,1
MELIDDO,1
MELIGENI,3
MELILEO,4
MELILLO,7
MELLI,1
MELLONE,2
MELNYCHUK,1
MELODIA,32
MELONI,1
MELOUKHIA,1
MEMEO,1
MEMMOLA,1
MEMOLA,1
MEMOLI,3
MENABUE,2
MENAFRA,1
MENANDRO,2
MENCOBONI,1
MENDELLA,1
MENDOZA CARRASQUILLA,1
MENDY,1
MENEGHELLA,1
MENGHE,1
MENICHELLI,2
MENNELLA,2
MENNOIA,1
MENNUNO,1
MENOLASCINA,1
MENZANO,3
MENZELLA,16
MENZELLA IACOVONE,1
MEOLA,1
MERCADANTE,15
MERCOLEDISANTO,2
MERCURIO,1
MERELLI,1
MEREU,1
MERGOLA,5
MERINGOLO,1
MERLETTO,24
MERLINO,2
MERLUSCA,1
MERO,9
MEROLLA,1
MESAGNA,1
MESITI,1
MESSANELLI,1
MESSENIO,1
MESSINA,11
MESSINESE,1
MESTICE,3
MESTIRI,4
MESTRIA,1
METALLA,1
MEULI,1
MEVOLI,12
MEZZAPESA,1
MEZZASALMA,3
MEZZIO,4
MHADHBI,1
MHAIDRA,2
MHIMDI,3
MIANULLI,7
MICAN,1
MICCO,2
MICCOLI,2
MICCOLIS,3
MICENE,2
MICHALIK,2
MICHEL,2
MICHELI,4
MICHETTI,1
MICILLO,2
MICOCCI,2
MICUNCO,1
MIGLIACCIO,3
MIGLIETTA,3
MIGLIO,42
MIGLIONICO,48
MIGLIORI,5
MIHALACHE,2
MILAN MORA,1
MILANESE,6
MILANI,1
MILANO,13
MILAZZO,2
MILEA,1
MILELLA,4
MILEO,2
MILETI,2
MILETO,2
MILEVA,1
MILIA,1
MILIA PARISI,1
MILILLO,13
MILIONE,1
MILO,12
MILONE,1
MINARDI,11
MINCHILLO,1
MINERBA,1
MINERVA,1
MINERVINI,3
MINGALONE,2
MINGARDI,5
MINGIONE,12
MINGOTTI,1
MINICA,3
MINICHINO,1
MINIERI,6
MININNI,6
MININNO,5
MINNAIA,1
MINNAJA,3
MINO,3
MINONA,1
MINONNA,5
MINONNE,2
MINUNNO,1
MINURRI,1
MINUTIELLO,1
MIODUNKA,1
MIOLLA,1
MIRACI,1
MIRAGLIA,21
MIRANDA,1
MIRASOLE,3
MIRIELLO,56
MIRIGALDI,2
MIRIMAO,11
MIRIZZI,1
MIRRA,10
MIRRI,1
MISANO,2
MISCIAGNA,3
MISCIOSCIA,2
MISEROCCHI,2
MISSERI,1
MISURIELLO,23
MITA,2
MITACCHIONE,1
MITAROTONDA,6
MITIDIERI,1
MITKOVA,2
MIUCCI,1
MIULLI,3
MO,2
MOBILIA,1
MOCANU,1
MOCCIA,2
MOCCIOLA,3
MODARELLI,6
MODDELSEE,1
MODENA,2
MODUGNO,3
MOFFA,1
MOGLIE,2
MOHAMED,1
MOHAMMED ANISUR,1
MOHAMMEDIN,1
MOIO,1
MOISASI,1
MOISE,2
MOLA,18
MOLDOVAN,1
MOLES,23
MOLETI,1
MOLILLO,4
MOLINA,1
MOLINARI,30
MOLINESE,2
MOLINO,5
MOLITERNI,159
MOLLICA,3
MOLNAR,3
MOMOH,1
MONA,1
MONACELLI,5
MONACIELLO,37
MONACO,67
MONAGHEDDU,1
MONDELLI,3
MONEVA,1
MONGELLI,18
MONGIELLO,4
MONICO,1
MONNO,1
MONOPOLI,2
MONTAGNA,6
MONTALBO',1
MONTALTO,2
MONTANARELLI,1
MONTANARI,3
MONTANARO,14
MONTANI,6
MONTANO,13
MONTE,3
MONTEBELLO,1
MONTECARLO,1
MONTEDURO,3
MONTEFINESE,16
MONTELEONE,14
MONTEMURRO,931
MONTENERO,2
MONTESANO,51
MONTESANO GESUALDI,3
MONTESANTO,10
MONTEVERDE,2
MONTI-CONDESNITT,1
MONTIMURRO,1
MONTINARI,1
MONTINARO,2
MONTINI,2
MONTISANTI,1
MONTORE,1
MONTRONE,2
MONU,4
MORALES FLORES,1
MORALES RODRIGUEZ,1
MORAMARCO,37
MORANDO,6
MORANO,23
MORCINELLI,83
MOREA,12
MOREANU,7
MORELLI,214
MORENA,2
MORETTA,1
MORETTI,69
MORFINI,2
MORGIA,2
MORIANO,1
MORMANDO,16
MORO,26
MOROLLO,1
MOROSANU,2
MOROZ,1
MORREALE,1
MORRONE,4
MORSA,1
MORSANUTTO,1
MOSCA,4
MOSCARITOLO,1
MOSCATELLO,2
MOSCATO,2
MOSCHETTI,1
MOSCHETTO,1
MOSES,1
MOSSA,1
MOSSON,3
MOSSUTO,5
MOSTACCI,3
MOTOLA,10
MOTOLESE,1
MOTTA,26
MOUKRIM,5
MOUSSA HASSAN,1
MOVILA,4
MOYSES COLUCCI,1
MOZZARDI,2
MUCCI,12
MUCCIO,16
MUCCIOLI,1
MUCOLLARI,1
MUGLIA,1
MULIERO,1
MUMMOLO-NARDULLI,1
MUNCELEANU,2
MUNNO,1
MUNTEANU,6
MUOIO,3
MURA,1
MURA ONDOK,1
MURAGLIA,1
MURANO,3
MURARIU,4
MURARU,1
MURCIANO,1
MURESAN,1
MURGANO,6
MURGIA,3
MURLO,1
MURRO,1
MURRONE,1
MUSA,1
MUSACCHIO,14
MUSANO,8
MUSCARIDOLA,113
MUSCAS,2
MUSCATELLI,1
MUSCATI,5
MUSCATIELLO,2
MUSCELLA,1
MUSCHETELLO,3
MUSCI,29
MUSCILLO,1
MUSILLO,23
MUSIO,1
MUSSOLINO,2
MUSTAFAJ,1
MUSTATA,1
MUTASCI,4
MUTIDIERI,5
MUTINATI,2
MUTO CATERISANO,1
MUZYCHYSHYN,1
MYKHALKIV,1
MYSYK,2
NACCI,7
NACHKOVA,2
NACUCCHI,3
NACUCCHIO,3
NADIRADZE,1
NAGIRNIAK,1
NAGYOSI,1
NAJEEB,1
NALBARU,1
NALDINI,1
NANNA,1
NAPOLETANO,2
NAPOLI,6
NAPOLITANO,10
NARCISO,12
NARDANDREA,6
NARDELLA,1
NARDELLI,1
NARDIELLO,1
NARDO,4
NARDONE,3
NARDUCCI,1
NARDULLI,5
NARRACCI,2
NASCA,3
NASIESCU,1
NASSIRI,1
NATALE,30
NATALE-LAZAZZARA,1
NATELAURI,2
NATH,1
NATILE,7
NATILE-MARTINO,3
NATOLI,1
NATRELLA,45
NATSI,1
NATUZZI,14
NAUNI,2
NAVARATNAM,1
NAVONE,2
NAZZARO,4
NDIAYE,8
NEAG,1
NEAGU,2
NEBIERIDZE,1
NECCHIA,1
NECEL,1
NECULCEA,3
NEGOITA,1
NEGRI,1
NEGRO,6
NEJMAN,1
NELLI,1
NEMCOVA',1
NERINO,2
NESCA,6
NETTI,2
NETTIS,5
NEYCHEVA,1
NGAMI,1
NGAMI NGOUNE,1
NGANDJIE FOGANG,1
NI,4
NIASSE,2
NICA,2
NICASSIO,8
NICASTRO,18
NICHBIANI,1
NICHITEAN,1
NICO,1
NICOARA,1
NICOIS,4
NICOLETTI,674
NICOLETTI PIZZILLI,1
NICOTERA,6
NICULAE,1
NIDO,1
NIEMEN,1
NIGLIO,33
NIGRO,9
NIKOLAIEVA,1
NIKOLIC,1
NIKOLOVA,1
NINIVAGGI,13
NINNI,17
NINNO,1
NIRIAYO GHEBRE,1
NISI,1
NITICA',1
NITO,1
NITTI,8
NJIE,1
NOBILE,14
NOCCA,1
NOCERA,10
NOCERINO,1
NOIA,2
NOINAK,1
NOLA,3
NORELLI,1
NOSCHESE,2
NOTA,12
NOTARANGELO,13
NOTARFRANCESCO,1
NOTARIO,1
NOTARISTEFANO,4
NOTARNICOLA,2
NOTARO,5
NOTARSTEFANO,3
NOTO,2
NOVELLI,3
NOVELLINO,5
NOVELLO,2
NOVEMBRE,2
NOVESI,5
NOVIELLI,2
NOVIELLO,38
NOWACKA,2
NOWACKI,1
NUBILE,1
NUCERA,5
NUGMANOVA,1
NUNUCA,1
NUTU,1
NUZZACI,3
NUZZACO,1
NUZZI,47
NUZZO,1
NUZZOLESE,96
NWAKAMMA,1
NWAKOR,1
NWANUFORO,1
NZOBOUH FOSSI,1
OBARUE,1
OBIEGBE,1
OBREGON DE ROMERO,1
OBREJA,1
OCCHINEGRO,4
ODION,1
ODOROSO,9
OGASA,1
OGBAI,1
OGBEWELE,1
OGOKE,1
OKA,1
OKEAGWU,1
OKHRISKO,2
OKOH,1
OKOOBOH,1
OKSANICHENKO,1
OLIBANO,1
OLITA,2
OLIVA,24
OLIVADESE,1
OLIVERI,8
OLIVERIO,3
OLIVERO,1
OLIVIERI,268
OLIVIERI CHROBAK,1
OLIVOPOTENZA,5
OLUWAFEMI,1
OMAR HASAN,1
OMORIACHI,1
ONAKA,1
ONET,4
ONEYEKA,1
ONOFRIO,31
ONORATI,44
ONORATI PICARDI,1
ONORATO,3
ONUTU,1
ONYEJEKWE,1
ONYEMA,1
ONYSHCHENKO,1
OPARIUC,2
OPPONG,1
ORCHI,1
ORCIUOLI,1
OREAKHIL,1
ORESTE,10
ORFANELLO,1
ORIGINALE DI CRISCIO,1
ORIOLI,2
ORIOLO,2
ORJONIKIDZE,1
ORLANDI,12
ORLANDO,16
ORQUERA PENAFIEL,1
ORRU',1
ORSI,15
ORSINI,1
ORTENZIO,1
ORTIZ,1
ORTOLANI,1
ORTOLANO,1
ORTU,2
ORTUSO,1
OSADEME,1
OSAGIE,2
OSAGIE OHUE,1
OSANNA,1
OSAZUWA,3
OSEHI,1
OSENI,1
OSNATO,2
OSSANI,3
OSTUNI,2
OSUJI,1
OTARBOR,1
OTTOMANI,1
OTTORINO,1
OU,2
OUBELLA,1
OUKANI,1
OURO AGORO,1
OUSMANE,1
OVIAMWONYI,1
OZDEMIR,1
PACCHIANO,1
PACCIONE,1
PACE,37
PACELLI,1
PACIARIELLO,1
PACIELLO,4
PACIFICO,11
PACILIO,1
PACILLO,1
PACIOLLA,9
PACIONE,4
PADOVA,5
PADOVANI,10
PADRONE,5
PADULA,228
PADURARIU,1
PAESE,1
PAGANO,17
PAGLIARULO,1
PAGLIEI,3
PAGLIONICO,1
PAGLIUCA,2
PAGNONCELLI,1
PAIANO,2
PAL,1
PALADINO,19
PALASCIANO,2
PALAZZO,9
PALDERA,3
PALERMO,14
PALESE,1
PALINSKA,1
PALKO,1
PALLADINO,2
PALLANTE,1
PALLOTTA,10
PALLOTTINO,2
PALMA,4
PALMERINO,3
PALMIERI,9
PALMIROTTA,4
PALMISANO,1
PALMITESTA,2
PALO,1
PALOMBA,16
PALOMBELLA,2
PALOMINO AGUIRRE,4
PALUCH,1
PALUMBO,49
PAN,4
PANARELLA,13
PANARO,10
PANCALLO,6
PANDEL,1
PANDISCIA,9
PANDOLFI,6
PANE,3
PANEBIANCO,3
PANERAI,1
PANESSA,7
PANETTA,20
PANETTIERI,4
PANGARO,1
PANICO,17
PANICOCOLO,1
PANIO,2
PAN'KOVA,1
PANNARALE,1
PANNIELLO,1
PANNONE,4
PANNOZZI,3
PANOVA,1
PANSINI,1
PANTALEO,13
PANTONE,14
PANTSULAIA,1
PANZA,18
PANZARU,2
PANZERA,2
PANZETTA,10
PAOLANGELO,12
PAOLEMILIO,1
PAOLETTA,2
PAOLETTI,2
PAOLICELLI,645
PAOLINI,1
PAOLINO,1
PAOLUCCI,1
PAONE,1
PAPA,4
PAPAGNI,2
PAPAGNO,1
PAPALEO,2
PAPAPIETRO,378
PAPAPPICCO,1
PAPARCONE,11
PAPPACCOGLI,1
PAPPADA',5
PAPPAGALLO,2
PAPPALARDO,2
PARADISO,155
PARAGONE,6
PARASCHIV,7
PARATO,5
PARDO,2
PAREDES ESMERALDA,1
PARENTE,60
PARENTINI,7
PARIS,2
PARISE,1
PARISI,21
PARLATO,1
PARRILLA RUIZ,1
PARRULLI,2
PARTIPILO PAPALIA,1
PARZIALE,6
PASA,2
PASCALE,2
PASCALI,5
PASCARELLI,4
PASCARIU,2
PASCARU,1
PASCIUCCO,11
PASCOLO,1
PASCUAL,2
PASCUAL ALVAREZ,1
PASCUCCI,1
PASCUCCIELLO,13
PASCULLI,5
PASQUALE,3
PASQUALICCHIO,9
PASQUALINI,5
PASQUINO,8
PASSABI',1
PASSANTINO,3
PASSARELLI,51
PASSASEO,1
PASSAVANTI,5
PASSERO,1
PASSIATORE,3
PASSIFRORA,1
PASSIONE,3
PASTORE,22
PATELLA,4
PATERINO,53
PATERNOSTER,49
PATERNOSTRO,2
PATEVA,1
PATIERNO,4
PATISSO,1
PATRAU,1
PATRICHE,1
PATRISSI,2
PATRONE,1
PATRONELLI,1
PATRUNO,23
PATTI,3
PAULIS,4
PAUN,1
PAUNOVA,1
PAVESE,12
PAVIA,8
PAVLOVA,1
PAVONE,13
PAVONE COSSUT,1
PECCHIA,1
PECORA,21
PECORARO,1
PECORELLA,1
PEDANO,1
PEDICILLO,3
PEDICINI,13
PEDON,1
PEDONE,2
PEDRINI,1
PEIU,1
PELAGGI,4
PELAZZI,5
PELLECCHIA,7
PELLEGRINI,31
PELLEGRINO,85
PELLERANO,3
PELLETTIERI,4
PELLICCIARI,1
PELLICORO,1
PELLITTA,1
PELOSI,3
PELULLO,1
PENA,1
PENEVA,1
PENNACCHIA,6
PENNACCHIO,6
PENNATI,1
PENNISI,1
PENNUZZI,3
PENTASUGLIA,66
PENTIMONE,1
PENTIVOLPE,5
PEPE,41
PERADZE,1
PERAGINE,49
PERAI,7
PERALTA CASTILLO,1
PERALTA TORRES,1
PERCOCO,8
PERDICCHIA,5
PERETS,1
PEREYRA,3
PEREYRA CEDREZ,1
PERFETTO,3
PERGOLA,7
PERGOLESI,3
PERICLE,8
PERILLO,1
PERITO,2
PERLA,1
PERLINO,9
PERNA,12
PERNIOLA,61
PERNISCO,1
PERRA,1
PERRETTA,2
PERRETTI,4
PERRI,3
PERRIELLO,5
PERRINI,1
PERRINO,4
PERRONE,117
PERROTTA,2
PERRUCCI,39
PERSIA,164
PERSIANI,1
PERULLI,1
PESARE,5
PESCE,4
PESHOVSKA,1
PESHTENSKI,1
PESTRICHELLA,1
PETCU,1
PETILLI,3
PETILLO,1
PETINO,1
PETITA,5
PETITO,6
PETKOVA,3
PETRACCA,2
PETRACHI,5
PETRAGALLO,28
PETRALLA,45
PETRARA,15
PETRARCA,1
PETRAROLI,4
PETRAROLO,3
PETRE,1
PETREA,2
PETRELLI,11
PETRIGLIANO,14
PETRILLO,16
PETRINO,31
PETRO,5
PETROCELLI,11
PETRONE,11
PETRONELLA,25
PETRONELLI,2
PETROSINO,3
PETROVA,1
PETRULA,1
PETRUZZELLIS,6
PETRUZZI,4
PETRYK,1
PEZZI,2
PEZZOLLA,2
PHKHAKADZE,3
PIACENTE,1
PIACENZA,3
PIAGIONE,1
PIANCAZZI,4
PIANCAZZO,3
PIANDEROSO,1
PIARULLI,5
PICA,2
PICALE,1
PICARDI,2
PICCENNA,9
PICCIALLO,2
PICCIARELLI,2
PICCININNI,3
PICCINNI,9
PICCIOTTO,2
PICCITTO,1
PICCIURRO,1
PICCOLO,7
PICERNO,9
PICHONNEAU,1
PICIERRO,1
PICONE,2
PIDELLO,1
PIEMONTESE,1
PIEPOLI,1
PIERRI,5
PIERRO,6
PIETOSO,4
PIETRACITO,79
PIETRAGALLA,4
PIETRAGALLO,3
PIETRANTONIO,4
PIETRAROSSA,1
PIETRICOLA,3
PIETROCOLA,2
PIETROPINTO,1
PIGA,1
PIGLIONICA,1
PIGNATARO,1
PIGNATELLI,5
PILADE,1
PILATO,38
PILATO ZACCARO,1
PILIERI,13
PILIERO,6
PILONE,1
PINETA,4
PINTO,21
PINZARIU,1
PIOGGIA,6
PIOMBIN,1
PIPINO,10
PIPITONE,3
PIPOLI,1
PIRAINO,7
PIRAS,5
PIRATO,8
PIRO,9
PIRODDI,1
PIROLA,1
PIRONE,2
PIROSA,6
PIRREDDA,1
PIRRI,3
PIRRONE,8
PIRRONI,1
PIRVU,1
PISANELLI,8
PISANI,3
PISANO,6
PISARRA,1
PISCANU,1
PISCAZZI,1
PISCINELLI,13
PISCIOTTA,208
PISCITELLI,3
PISCOPIELLO,2
PISCOPO,2
PISICCHIO,5
PISTINCIUC,1
PISTOIA,2
PISTONE,18
PITICARI,1
PITRELLI,7
PIUMINI,11
PIZZI,3
PIZZIFERRI,8
PIZZILLI,70
PIZZOLLA,25
PIZZULLI,22
PLACIDO,3
PLANTAMURA,16
PLASMATI,181
PLATI,9
PLOS,1
PO',6
POCCHIARI,1
POCHET,1
POCIKOVA,1
POCORA,1
PODDANIEC,2
POHRIB,1
POLAKOVA,1
POLBENNIKOVA,1
POLESZUK,1
POLI,2
POLIDORO,4
POLIGNONE,1
POLIKARPOVA,1
POLIMENO,1
POLISENO,1
POLITO,8
POLIZZI,2
POLLARO,1
POLLEX,1
POMARICI,8
POMPILIO,4
PONTE,6
PONTICIELLO,3
PONTILLO,6
PONTRANDOLFI,8
PONTRANDOLFO,3
PONTRELLI,8
PONZIO,2
PONZO,6
POP,1
POPA,4
POPESCU,1
POPIA,2
POPOLIZIO,47
POPOV,3
POPOVA,3
POPOVICI,7
POPUTOAIA,1
PORATTO,1
PORCARI,185
PORCELLI,4
PORCELLUZZI,6
PORFIDO,11
PORPORA,8
PORSIA,47
PORTARULO,1
PORZIA,1
POSILIPO,12
POSTICA,1
POSTIGLIONE,2
POTENZA,15
POTESTIO,2
POTI',14
POTOLINCA,1
POTURU,2
POZO,1
POZZI DE GIOVANNI,1
POZZOVIVO,1
POZZUOLI,64
PRAITANO,1
PRANTEDA,3
PRASCINA,1
PRASKOVA,1
PREITE,1
PRENCIPE,1
PRESICCI,4
PRESTA,4
PRESTIANNI,1
PRESTILEO,3
PRETE,2
PREZIOSO,1
PRIAN,1
PRIANO,11
PRIBESCU,1
PRICCHIAZZI,1
PRICOP,1
PRIMICERIO,1
PRIMO,9
PRIMORAC,1
PRINCIPATO,3
PRINCIPIO,1
PRIORE,10
PRISACARIU,4
PRISCIANDARO,1
PRISCIANTELLI,2
PRISCO,15
PROCACCIO,1
PROCIDA,3
PRODANIUC,1
PROSCIA,2
PROSDOCIMI,1
PROVENZA,38
PROVENZANO,2
PROVINZANO,3
PRUDENTE,1
PRUTEANU,1
PRYLEPSKA,1
PRYLEPSKYY,2
PUCCI,2
PUCCIARIELLO,1
PUCILLO,1
PUDIA,1
PUGLIESE,9
PULICHINO,1
PULIDUNDI,1
PULIGNANO,2
PULITO,2
PULLEGA,1
PULLI,1
PUMIR,1
PUNZI,3
PUPINO,4
PUPOLIZIO,3
PUPPO,1
PURGATORIO,4
PURGATORIO-PAOLICELLI,1
PURGATORIO-ZACCARO,1
PUSCEDDU,1
PUSHKAROVA,1
PUTIGNANI,1
PUTIGNANO,4
PUTINA,2
PUZZIFERRI,2
PUZZOLENTE,1
PUZZUTIELLO,5
PYASTOLOV,1
PYASTOLOVA,1
PYLYPCHUK,1
PYLYPYSHYNA,2
QIU,2
QOSJA,4
QOUCHAIRI,2
QUAGLIARA,3
QUAGLIARELLA,2
QUAGLIARIELLO,4
QUAGLIATA,4
QUARANTA,18
QUARATINO,11
QUARTA,14
QUARTANA,5
QUARTARELLA,6
QUARTO,53
QUASUCCI,4
QUATRARO,13
QUATTROMINI,7
QUERCIA,3
QUERO,5
QUINTANO,67
QUINTO,47
QUIRINO,4
RACAMATO,2
RACANELLI,4
RACANO,1
RACCUIA,1
RACHOUANI,2
RACINELLI,1
RACIOPPA,3
RACIOPPI,3
RADENKOVA,1
RADESCA,5
RADI,6
RADICCHI,1
RADICCHIO,3
RADICI,1
RADIN,1
RADOGNA,37
RADU SALI,2
RADUCCI,1
RADZIKOWSKA,1
RAELE,8
RAFFAELE,3
RAGAZZO,9
RAGO,10
RAGONE,35
RAGUSEO,2
RAGUSO,16
RAGUSO MANFREDI,1
RAHMANI,1
RAHO,1
RAILEANU,1
RAIMONDI,13
RAIMONDO,6
RAINO',15
RAINONE,1
RAJBHANDARI,1
RAK,1
RAM,1
RAMAGLIA,15
RAMAJOLA,11
RAMICONE,1
RAMIREZ RODRIGUEZ,1
RAMIREZ ZAMORA,1
RAMONDINO,1
RAMUNDO,59
RAMUNNO,1
RANA,2
RANALDO,10
RANALLI,1
RANDAZZO,4
RANDIERI,1
RANDO',4
RANGELOVA,2
RANGO,1
RANIERI,4
RANOIA,5
RANU',2
RAPANARO,1
RAPONI,1
RASETTI,3
RASOAFARA,1
RASPATELLI,3
RASUL,6
RASULO,1
RATHNAYAKA MUDIYANSELAGE,2
RATTALINO,1
RATTAZZI,1
RAUCCI,30
RAUTU,1
RAVELLI,5
RAYKOVA,1
RAZAFINDRAMIADANA,1
RAZANAMIANDRISOA,1
RAZWAN,1
REA,3
REALE,13
REBESCO,4
RECCHIA,21
RECHTIEN,1
REDINI,1
REGA,17
REGIA,2
REGINA,14
REHO,5
REJENKO,1
RELLA,8
REN,3
RENNA,2
RENZI,3
REPETYLO,2
REPULLONE,4
RESTA,17
RESTAINO,3
RESTIERI,1
RESTIERI VINCENZI,1
RESTUCCI,1
RETAMOZO,1
REYNOSO,1
REZZANO,1
RIBATTI,4
RIBBA,11
RIBECCO,1
RIBEIRO SILVEIRA,1
RIBEZZO,1
RICCARDI,184
RICCARDO,1
RICCHIUTI,20
RICCHIUTO,8
RICCI,16
RICCIARDELLI,1
RICCIARDI,96
RICCIARDONE,1
RICCIARDULLI,2
RICCIO,1
RICCIULLI,8
RICCIUTELLO,4
RICCIUTO,1
RICCO,1
RICCOBONI,2
RICHES,1
RIDOLA,2
RIDOLFO,1
RIEFOLO,5
RIENZI,9
RIFINO,3
RIGHI,1
RIITANO,1
RILLO,1
RIMASSA,1
RIMEDIO,1
RINALDELLI,31
RINALDI,14
RINALDINI,2
RINAUDO,1
RIPA,3
RIPOLI,6
RIPULLONE,2
RISIMINI,4
RISO,1
RISOLA,2
RISOLO,1
RISPOLI,1
RISTANI,1
RISTEA,1
RITELLA,14
RITO,2
RITORTI,5
RIVELLI,25
RIVELLI ANTEZZA,5
RIVELLI DI CUIA,4
RIVELLI-ANTEZZA,3
RIVELLI-DI CUIA,2
RIVETTI,2
RIVIELLO,2
RIZVANI,1
RIZZARDINI,3
RIZZELLI,8
RIZZI,236
RIZZI ARIANI,2
RIZZO,45
RIZZOLI,1
RIZZUTI,1
RMITA,1
ROBELT RENCURRELL,1
ROBERTAZZO,1
ROBERTI,83
ROBERTO,20
ROBERTSON,1
ROBINSON,1
ROBLES,1
ROCCANOVA,6
ROCCHIO,2
ROCCO,17
ROCHIRA,3
RODI,1
RODIA,2
RODOLFO,4
RODRIGUEZ,3
ROGGES,4
ROLLO,10
ROMA,3
ROMAGNA,1
ROMAN,1
ROMAN PINTO,1
ROMANAZZI,1
ROMANELLI,10
ROMANI,1
ROMANIELLO,4
ROMANO,129
ROMANO-LONGO,1
ROMEO,9
ROMERO,4
ROMIO,1
ROMITA,6
ROMITO,9
RONCA,4
RONCI,4
RONDI,3
RONDINELLA,1
RONDINELLI,12
RONDINONE,386
RONGA,3
RONISALPO,1
RONZILLO,5
ROQUE OLIVEIRA DA SILVA,1
ROSA,2
ROSANO,4
ROSATO,4
ROSCAN,1
ROSCO,1
ROSELLI,7
ROSELLINI,1
ROSIELLO,17
ROSITO,3
ROSMARINO,15
ROSPI,11
ROSSANO,11
ROSSETTI,4
ROSSI,11
ROSSINI,1
ROSSITTO,1
ROSSMANN,1
ROSSO,4
ROSU,1
ROTA,14
ROTARIU,1
ROTARU,4
ROTELLA,1
ROTONDARO,1
ROTONDELLA,5
ROTONDI,2
ROTONDO,8
ROTONDO',2
ROTUNDO,2
ROTUNNO,7
ROUBIS,1
ROUIJEL,2
ROVETO,2
ROZYNEK,1
RUBINI,3
RUBINO,337
RUBOLINO,1
RUCCI,1
RUCIRETA,1
RUDILOSSO,1
RUGGI,9
RUGGIERI,408
RUGGIERO,13
RUGILO,1
RUNGO,1
RUO,3
RUSCIGNO,34
RUSNAK,1
RUSSI,2
RUSSILLO,2
RUSSINO,1
RUSSO,60
RUSSO ERMOLLI,1
RUSSO MOLITERNI,1
RUSU,7
RUTIGLIANO,12
RUZZI,5
RYBAROVA,1
RZEPA,1
RZUCIDLO,1
SABALY,1
SABATELLI,12
SABATO,8
SABBATINI,5
SABIA,2
SABINI,7
SABINO,113
SACCENTE,1
SACCHETTI,1
SACCO,393
SACCO CASAMASSIMA,5
SACCO-CASAMASSIMA,6
SACCOMANNI,4
SADOTTI,4
SAGARESE,3
SAIDI,8
SAINT-LOT,1
SAITO,1
SAKO,1
SALA,4
SALADINI,12
SALAMINA,1
SALATTI,3
SALEMMI,1
SALERNO,50
SALETTI,2
SALFI,3
SALHI,1
SALI,1
SALIANI,6
SALIERNO,2
SALIHI,3
SALIHU,1
SALINARI,14
SALINARO,7
SALIU,7
SALLALI,4
SALLUCE,31
SALOMONE,4
SALONI,1
SALONNA,1
SALTITCAIA,1
SALUZZI,4
SALVATI,2
SALVATO,8
SALVATORE,40
SALVATORE-AMBROSECCHIA,1
SALVI,2
SALVIA,3
SALVIGNI,10
SALZANO,2
SAMAKE,1
SAMATEH,1
SAMBA,1
SAMBAU,1
SAMBOGNA,1
SAMMARCO,5
SAMOKHINA,1
SAMOUT,1
SAMPEDRO GAGO,1
SAMPOGNA,5
SAMSON,1
SANCHEZ GARCIA,1
SANCHIRICO,10
SANDRI,15
SANGARE,1
SANGERMANO,2
SANGIACOMO,1
SANGIORGIO,5
SANGIOVANNI,3
SANGRE,1
SANITA',2
SANITATE,1
SANNA,3
SANNACE,2
SANNELLI,5
SANNICOLA,13
SANROCCO,30
SANSEVERINO,2
SANSEVERO,2
SANSO',1
SANSOLINI,2
SANSONE,14
SANTACROCE,7
SANTAGADA,8
SANTALUCIA,1
SANTAMARIA,10
SANTAMARINA,1
SANTANGELO,6
SANTANTONIO,71
SANTARCANGELO,20
SANTARSIA,114
SANTARSIERI,3
SANTARSIERO,1
SANTERAMO,114
SANTERAMO-CAPUANO,1
SANTILIO,7
SANTO,3
SANTOCHIRICO,92
SANTOIEMMA,12
SANTOJANNI,1
SANTOMASSIMO,10
SANTOMAURO,1
SANTOPIETRO,6
SANTORINO,7
SANTORO,28
SANTORO URSO,4
SANTORSA,1
SANTORSOLA,3
SANTORUFO,8
SANTORUVO,2
SANTOSPIRITO,66
SANTOVITO,4
SANTULLI,6
SAPONARA,16
SAPONARO,23
SARACENO,1
SARACINO,11
SARARU,1
SARCHIAPONE,1
SARCUNI,50
SARDONE,60
SARGSYAN,1
SARINELLA,6
SARLI,18
SARLO,4
SARNI,1
SARRA,127
SARRA LOPS,1
SARRACINO,1
SARRINI,1
SARUBBI,13
SASANIELLO,18
SASSI,7
SASSO,46
SASSOLI,1
SASSONE,10
SAULLE,1
SAULO,1
SAVA,4
SAVARESE,1
SAVCHENKO,1
SAVINO,36
SAVOIA,1
SAVU,1
SCAFARELLI,1
SCAGLIONE,1
SCAGLIOSO,3
SCAGNO,1
SCAIANO,2
SCAIELLA,3
SCALA,10
SCALCIONE,172
SCALDARELLA,1
SCALERA,17
SCALESE,8
SCALFI,6
SCALICI,4
SCALTRITO,1
SCAMARCIA,3
SCAMMACCA,2
SCANDIFFIO,109
SCANDURRA,4
SCANNICCHIO,1
SCANO,5
SCAPPATICCIO,1
SCARABAGGIO,1
SCARAGGI,1
SCARALE,2
SCARAMUZZI,1
SCARANGELLA,27
SCARANO,53
SCARASCIA,2
SCARCELLA,22
SCARCELLI,3
SCARCIA,1
SCARCIOLLA,140
SCARCIOLLA del GAVATINO di TORRE SPAGNOLA,1
SCARDA,1
SCARDIGNO,3
SCARDILLO,4
SCARFONE,1
SCARILLI,3
SCARIMBOLO,1
SCARINGELLA,1
SCARINGI,1
SCARNATO,1
SCAROLA,17
SCARPA,4
SCARPITTA,1
SCASCIAMACCHIA,86
SCASSERRA,3
SCATIGNA,1
SCATTAGLIA,3
SCATTINO,1
SCAVETTA,9
SCAVONE,6
SCAZZARIELLO,13
SCAZZARRIELLO,9
SCELZA,1
SCERRA,1
SCHETTINI,1
SCHETTINO,2
SCHIAVARELLI,5
SCHIAVARIELLO,2
SCHIAVINATO,5
SCHIAVO,4
SCHIAVONE,82
SCHIEVENIN,1
SCHIMERA,1
SCHINCO,1
SCHINZARI,3
SCHIOPU,1
SCHIRALDI,1
SCHIRALLI,1
SCHIRONE,4
SCHIROSA,4
SCHIUMA,215
SCHNEIDER,1
SCIACOVELLI,4
SCIACOVIELLO,2
SCIALPI,14
SCIANDIVASCI,7
SCIANNARELLA,17
SCIASCIA,1
SCIELZI,1
SCILLITANI,3
SCINTEIE,1
SCIORTINO,6
SCIOSCIA,4
SCIPPA,5
SCIVETTI,1
SCOCOZZA,7
SCOCUZZO,2
SCODITTI,1
SCOLLETTA,8
SCOLLO,2
SCOPECE,1
SCORALDO,1
SCORCA,17
SCORCIA,2
SCORDARI,3
SCORPATI,1
SCOTTI,1
SCOTTO OPIPARI,1
SCOTUZZI,1
SCRIMIERI,1
SCUOTTO,9
SCUPOLA,3
SEBASTIANI,15
SEBASTIO,3
SEBU,1
SECHI,1
SEDY,1
SEGATO,1
SEGRETO,39
SELLITRI,15
SELVAGGI,29
SELVAGGIO,4
SEMELLA,1
SEMERARO,8
SEMISA,1
SERAFINO,6
SERAIRI,1
SERBESCU,1
SEREKE,1
SERGI,1
SERGIO,18
SERIFATE,2
SERINELLI,2
SERINI,3
SERINO,12
SERIO,2
SERRA,16
SERRAVEZZA,5
SERSANTE,1
SERVEDIO,9
SESTO,3
SEU,1
SEVERO,1
SFORZA,2
SGARAMELLA,1
SGHIR,12
SGUEGLIA DELLA MARRA,1
SHAHEEN,1
SHARKO,1
SHCHURENKO,1
SHEHU,1
SHEHZAD,1
SHEIKH,2
SHERIF,1
SHI,8
SHIBA,1
SHIRAHATA,1
SHOHAG,1
SHQIPE,3
SHTEMBARI,3
SHUKRI MOHAMMED,1
SHUTENKO,1
SIANI,1
SIATI,1
SIBILIA,1
SIBILLA,1
SICA,3
SICARI,1
SICHENZE,1
SICIGNANO,1
SICILIANO,1
SICOLO,17
SICURO,1
SIDIBE,1
SIGGILLINO,10
SIGNATI,3
SIGNORE,2
SIGNORELLA,5
SIGNORELLI,10
SIGNORILE,8
SIGNUDI,1
SIKORSKA,1
SILAGHE,1
SILECCHIA,5
SILENO,1
SILEO,16
SILIMON,1
SILIPO,6
SILLETTI,11
SILLITTI,3
SILVA DOS SANTOS,1
SILVA VAZ PEREIRA,1
SILVAGGI,1
SILVANO,20
SILVESTRE,1
SILVESTRI,7
SILVESTRO,3
SIMAO,1
SIMBOLO,1
SIMEONE,7
SIMEONOVA,1
SIMILI,1
SIMINI,1
SIMKOVA,1
SIMMARANO,4
SIMONE,28
SIMONETTI,4
SIMONI,1
SIMONOVA,1
SINANTE COLUCCI,6
SINATRA,13
SINDACO,1
SINELLI,1
SINGH,27
SINIGAGLIA,1
SINISCALCHI,4
SINISI,7
SINNO,33
SINOPOLI,1
SIPOS,1
SIRAGO,1
SIRCA,3
SIRGHI,1
SIRIGNANO,3
SIRO-BRIGIANI,1
SIRRITIELLO,4
SISAWO,2
SISIMBRIO,5
SIST,1
SISTO,8
SITNIK,1
SIVILIA,1
SIVILLA,2
SKROBOT,1
SLOWIKOWSKI,2
SMACCHIA,7
SMALDINO,6
SMALDONE,7
SMINO,1
SMIRNOVA,1
SMITH,1
SMUTNA',1
SOARES,1
SOAREZ,1
SOAREZ REYES,1
SODA,1
SODO,1
SOFIA,1
SOGLIANI,1
SOKOLOVA,1
SOLAZZO,3
SOLDO,2
SOLIMANDO,1
SOLIMENO,2
SOLIMINE,1
SOLLAZZO,1
SOLLECITO,4
SOLYANKINA,1
SONKO,2
SONNINO,1
SOPONARU,1
SOPROSANU,1
SORANGELO,1
SORANNO,6
SORGENTE,2
SORICE,1
SORIO,1
SORNATALE,4
SORO,3
SORRENTINO,5
SOSARO,1
SOTA,4
SOTTILE,2
SOUISSI,1
SOUKI GONZALEZ,1
SOULAS,1
SOW,1
SOWELLAM,1
SPADA,25
SPADAFORA,1
SPADARO,4
SPAGNA,1
SPAGNUOLI,14
SPAGNUOLO,96
SPALLETTI,1
SPALLINI,4
SPANO,1
SPARTACO,1
SPASOVA,1
SPATAR,1
SPECCHIA,5
SPECCHIO,2
SPEDICATO,2
SPENNACCHIO,1
SPENNATI,1
SPERA,7
SPERADDIO,1
SPINA,1
SPINAZZOLA,3
SPINELLA,2
SPINELLI,16
SPINELLO,3
SPINOSA,3
SPIRIDIONE,2
SPIRIN,1
SPIRINA,2
SPIZZICO,2
SPONTELLA,1
SPORTELLI,2
SPORTIELLO,2
SPUMA,1
SPURIO,2
SQUICCIARINI,12
SQUICCIARINO,5
STABILE,6
STAFFIERI,188
STAGNO,51
STALLO,1
STALLONE,1
STALTARI,3
STAN,4
STANCA,1
STANCARONE,1
STANCIU,1
STANGA,1
STANIEC,3
STANO,65
STANZIONE,1
STARICHKOVA,1
STASI,19
STASOLLA,23
STASTNY,2
STATILE,4
STATUTO,10
STEA,3
STECA,3
STEFANACHI,13
STEFANELLI,2
STEFANIZZE,3
STEFANOVA,1
STELIAN,2
STELLA,207
STELLA BRIENZA,11
STELLA GRANDE,1
STELLA-BRIENZA,2
STELLACCI,1
STELLATELLI,2
STIFANO,72
STIGLIANI,23
STIGLIANO,24
STIMOLO,2
STINGI,1
STOICESCU,1
STOLA,1
STOPPELLI,1
STOYANOV,1
STOYANOVA,1
STRADA,2
STRAFELLA,3
STRAMAGLIA,1
STRAMMIELLO,22
STRANGES,2
STRIPPOLI,2
STROE,1
STROESCU,1
SU,10
SUBASHI,4
SUBIH,1
SUCHKOVA,1
SUCULIUC,1
SUGAMIELE,2
SUGLIA,39
SUMA,3
SUMAREH,1
SUMMA,5
SUMMERER,1
SUN,5
SUOZZI,1
SURANO,1
SURDO,5
SURIANO,14
SURICO,1
SUSCA,4
SUSI,1
SUSKA,1
SUSSO,1
SYLLA,1
TABAKU,5
TABARA,1
TACCARDI,119
TACCOGNA,2
TACCONETTO,8
TADDEO,21
TADDONIO,14
TAFUNI,15
TAFUNO,1
TAFURO,1
TAGARELLI,14
TAGARELLI CINNELLA,2
TAGARELLI-CINNELLA,1
TAGLIENTE,4
TAINI,1
TALBE,1
TALBI,1
TALICA,1
TALL,5
TALLONE,1
TALMACEL,2
TAMBONE,1
TAMBORRINO,29
TAMBURRINO,51
TAMMACCO,1
TAMMARO,1
TAMMONE,7
TANASE,1
TANCREDI,10
TANG,10
TANGORRA,8
TANGRO,2
TANICO,1
TANTALO,10
TANTONE,15
TANTULLI,3
TANZI,3
TAPALAGA,6
TAPANELLA,2
TARANTINO,20
TARANTO,1
TARAORE,1
TARASCIO,2
TARASCO,234
TARATUFOLO,120
TARCAU,1
TARDELLA,2
TARDI,9
TARDIOLI,1
TARGA,1
TARGIANI,1
TARI,1
TARNOVETSKA,1
TARQUILIO,4
TARRICONE,1
TARSIA,8
TARTAGLIA,2
TARTAMO,3
TARTARO,1
TARULLI,2
TASKOVA,1
TASO,2
TASSIELLO,10
TATARANNI,411
TATARENKO,2
TATARU,1
TATULLO,1
TAURIELLO,1
TAURO,2
TAUTONICO,1
TAVARES DE SOUZA,1
TAYAB,1
TEDESCHI,8
TEDESCO,20
TELBIZOV,1
TELEGRAFO,4
TEMPESTA,2
TENTI,1
TERENZIO,1
TERETA,1
TERLIMBACCO,5
TERLIZZI,15
TERRACCIANO,1
TERRACINA,1
TERRANOVA,18
TERRIBILE,1
TERRONE,2
TESFAZGHI FESSEHA,1
TESORO,1
TESTA,4
TESTINI,1
THANTHIRIGE,1
THIOM,2
TICALOAIE,1
TILENA,1
TILIUTA,1
TIMPONE,1
TIMURIAN,3
TINELLI,9
TIRELLI,2
TIRRI,2
TISCI,5
TISI,2
TISI VILLANUEVA,1
TITO,5
TITOLO,2
TOADER,1
TOCCI,23
TOCE,3
TODARO,6
TODIREANU,3
TODISCO,10
TODOROVA,3
TOFFANO,1
TOFFOLETTI,2
TOGNI,4
TOIA,1
TOLENTINI,3
TOLENTINO,11
TOLISANO,8
TOLOLOI,2
TOLVE,5
TOMA,13
TOMASELLI,32
TOMASENSCHI,1
TOMASICCHIO,5
TOMASILLO,1
TOMASSINI,1
TOMMASELLI,7
TOMMASI,4
TOMMASINO,1
TONELLI,4
TOPORINA,1
TOPPUTO,1
TOPURIA,1
TORCHI,1
TORCHIA,1
TORELLI,4
TORITTO,8
TORNESE,2
TORRACO,6
TORREFORTE,2
TORRES,1
TORRES PERALTA,1
TORRETTI,2
TORTORA,1
TORTORELLA,1
TORTORELLI,198
TORZELLA,1
TOSCANI,3
TOSCANO,20
TOSKOVA,2
TOSTI,12
TOSTO,14
TOTA,23
TOTARO,1
TOTKOVA,1
TOTO,5
TOURE',1
TOZZI,12
TOZZO,1
TRABACCA,6
TRABACCO,1
TRABACE,4
TRAETTA,4
TRAFICANTE,1
TRAGNI,43
TRAIETTA,13
TRAKTIROVA,1
TRALLI,209
TRAMBARULO,8
TRAMONTANO,1
TRAMONTE,2
TRANI,3
TRAPASSO,1
TRAVERSA,3
TRAZZI,1
TREGATTINI,1
TREMAMONDO,1
TREMAMUNDO,2
TREMAMUNNO,1
TRENTADUE,16
TRENTO,2
TRESTIAN,1
TRESTIAN HARRIS,1
TREVISAN,1
TREVISANI,3
TREVISI,1
TREZZA,2
TRIA,3
TRIANNI,1
TRICARICO,23
TRICASE,2
TRICASI,1
TRIDENTE,1
TRIFOGLI,1
TRIFONE,1
TRIGGIANI,1
TRIGNANO,1
TRILLI,6
TRIMBITAS,4
TRINCO,11
TRINX,2
TRIONFO-FINEO,5
TRIPALDELLA,1
TRIPALDI,3
TRIPANI,3
TRISOLINI,2
TRISTANI,1
TRISTANO,12
TRITONE,1
TRITTO,34
TRIUNFO,3
TRIVIGNO,15
TRIVISANI,5
TRIVOLUZZI,1
TRIZIO,5
TROCCOLI,1
TROIA,1
TROIANO,1
TROISI,9
TROITO,2
TROLIO,14
TROMBA,2
TROMBETTA,28
TRONCA,2
TROPEANO,3
TROTTA,8
TROTTI,1
TROVARELLI,1
TROVATO,1
TRUCCO,3
TRUFELLI,1
TRUICA,2
TRULLO,1
TRUNCELLITO,2
TRUPO,3
TSACHEVA,1
TSENOVA,1
TSONEVA,2
TSYBINA,1
TUBAZIO,7
TUBITO,1
TUCCI,10
TUDISCO,13
TUDOSA,1
TUDOSE,1
TUFANO,1
TUFARELLI,1
TUGUIU,1
TUIU-MANDOIU,1
TULBURE,1
TULLIANI,10
TULLO,2
TUMMILLO,2
TUMMINELLI,1
TUNDO,3
TUNS,1
TUOZZO,4
TURCAN,1
TURCANU,3
TURCHIANO,1
TURCHYNA,1
TURCO,6
TURI,17
TURITTO,1
TURLIONE,1
TURO,1
TURSI,2
TURTULLI,2
TURTUR,1
TURTURIELLO,4
TUZIO,5
UGGINI,1
UGIAGBE,1
UJVARY,1
ULISCIANI,1
ULLAH,1
ULYAN,2
UNCINO,1
UNGHERESE,1
UNGOLO,5
UNGUREANU,6
UPPAL,1
UPPOLO,2
URANO,1
URGA,3
URGESE,1
URGESI,1
URGO,13
URICCHIO,25
URSACHE,4
URSO,4
URZICA,1
USEN,1
USMIANI,1
UTA,2
UVA,6
VACANTI,4
VACCARO,40
VACHEVA,1
VACIRCA,3
VADALA',4
VAKALI,1
VALASTRO,5
VALDES GUANTI,1
VALDEZ,1
VALENTE,11
VALENTINI,5
VALENTINO,66
VALENZANO,1
VALERIO,1
VALICENTI,4
VALLARELLI,1
VALLE,7
VALLI,1
VALLUZZI,9
VALZER,2
VAMMACIGNO,4
VANALESTI,1
VANNI,2
VARANZANO,1
VARASANO,1
VARDARI,1
VARENYTSYA,1
VARGAS,1
VARIALE,3
VARISCO,7
VARNEY,1
VARRATTA,1
VARTIC,1
VARUOLO,16
VASILEVA,1
VECCHIO,2
VECCHIONE,1
VEGLIA,13
VELARDI,3
VELINOVA,1
VELLETRI,1
VELLETTI,4
VELLUZZI,1
VELO,7
VENA,7
VENAFRA,13
VENEZIA,356
VENEZIANO,11
VENICE,4
VENOSA,1
VENTIMIGLIA,4
VENTRELLA,9
VENTRELLI,9
VENTRICELLI,6
VENTURA,78
VENTURI,5
VENTURO,13
VENUSIO TAMBURRINO,1
VENUTO,1
VERALDI,1
VERARDI,1
VERDONE,7
VERDUZZO,1
VERGA,1
VERGALLO,1
VERGATI,8
VERMA,1
VERNI',2
VERNILE,4
VERONESI,3
VERRASCINA,28
VERRE,4
VERRI,3
VERRICO,3
VERRINI,4
VERSACE,1
VERTA,1
VESCE,1
VESILOVSKA,1
VESPE,9
VESTITA,1
VETERE,5
VETRANO,2
VETRONE,4
VETRUGNO,1
VETTI,3
VETTURINI,1
VEZZUSO,1
VIAFORA,1
VICCHIO,1
VICECONTE,3
VICECONTI,1
VICENTI,15
VICHELETTO,20
VICINO,6
VICO,3
VIDULOVA,1
VIERU,1
VIGGIANI,11
VIGGIANO,24
VIGILANTE,2
VIGLIONE,1
VIGNOLA,44
VIGORITI,5
VIGORITO,1
VILLA,13
VILLANI,1
VILLANO,4
VILLANUEVA SANDOVAL,1
VILLARI,4
VILLONE,13
VINACHI,1
VINCI,7
VINCIGUERRA,21
VINELLI,1
VINZI,2
VIOLA,11
VIOLANTE,6
VIOLETTO,7
VIRELLI,5
VIRGINTINO,13
VIRLAN,4
VIRZI,2
VISAGGI,5
VISCANTI,11
VISCARDI,1
VISCEGLIA,26
VISCERA,2
VISENTIN,3
VISHKA,1
VISTOSO,1
VITACCA,5
VITACCO,3
VITAGLIANO,4
VITALE,49
VITALI,2
VITARELLI,2
VITARIELLO,1
VITELLA,6
VITELLI,24
VITERBO,3
VITERITTI,5
VITI,25
VITOBELLO,1
VITORIA RUBIO,1
VITTI,3
VITTORE,2
VITUCCI,9
VITULANO,7
VITULLI,57
VITULLO,28
VIVAS LASSER,1
VIVILECCHIA,76
VIZZIELLI,2
VIZZIELLO,310
VIZZINO,1
VIZZUSO,3
VOICA,1
VOINEA,1
VOLANI,5
VOLINI,9
VOLLARO,1
VOLLERO,1
VOLPE,187
VOLPERA,1
VOLPICELLA,2
VOLTATTORNI,1
VOMERO,1
VONA,1
VORIA,1
VOSA,1
VOTTA,1
VOYNOVA,1
VOZZA,1
VRAPI,13
VUK,1
VULCANO,1
VULPIO,6
VULPIS,47
VUOCI,1
VUTEVA,1
VYNOGRADOVA,1
WADE,1
WANG,29
WARDROP,1
WATAN DOOST,1
WATTS,1
WEI,8
WEIDEMAN,1
WEISS,2
WELDE GEBRIEL,1
WEN,1
WENG,6
WIELG,2
WIERDIS,1
WISDOM,1
WOLLEY,1
WU,16
XHAFERRI,3
XIANG,2
XIAO,9
XIE,1
XILOYANNIS,4
XIONG,3
XU,4
XUE,45
YAKIMOV,3
YAKIMOVA,2
YAN,3
YANG,18
YAO,1
YASIN RAHMETO,1
YASMIN,1
YE,19
YOGO,1
YON VICIEDO,1
YOO,1
YORDANOVA,1
YOU,22
YOUSEF,4
YOUSSEF,4
YU,13
YUAN,4
ZAARATI,1
ZABATINO,5
ZACCAGNINI,1
ZACCAGNINO,7
ZACCARIA,15
ZACCARO,250
ZACCHEO,3
ZACCHERONI,1
ZACCONE,3
ZAFFERANO,8
ZAFOR,1
ZAGARIA,15
ZAHARIA,7
ZAID,3
ZAIT,1
ZAKHARKINA,1
ZAMAN,1
ZAMBILLO,1
ZAMBRELLA,7
ZAMPAGNI,3
ZAMPARELLA,4
ZAMPARELLI,3
ZAMPOLLA,2
ZANCAN,2
ZANCARINI,5
ZANGONE,1
ZANNELLA,1
ZANNI,1
ZANZARELLI,1
ZARNADZE,1
ZARRILLO,2
ZASA,10
ZASINCHUK,1
ZATTONI,6
ZAVALICHE,1
ZAZZARA,1
ZBIR,1
ZDURCEA,1
ZEBELI,10
ZECCA CIURLIA,1
ZEDIU,2
ZELEKE ASCHENAFI,1
ZEMIKAEL,2
ZENELI,2
ZENG,1
ZENI,5
ZERAY,3
ZERBINI,1
ZERILLI,9
ZERO,7
ZERVOPOULOU,1
ZEVERINO,1
ZHAN,1
ZHANG,20
ZHAO,5
ZHARKOVA,1
ZHENG,12
ZHONG,3
ZHOU,14
ZHU,4
ZHUANG,2
ZHUO,1
ZHURI,8
ZICARI,6
ZICARO,3
ZICCARDI,8
ZIDANY,1
ZIELLI,3
ZIENNA,1
ZIENTEK,1
ZIGMUND,1
ZILLI,1
ZIMBARDI,3
ZIMMARI,43
ZIN,1
ZINGARELLI,1
ZINGARIELLO,4
ZINNO,5
ZITO,25
ZIZZA,1
ZIZZAMIA,3
ZOCCO,1
ZOCCO-CIRIOLO,1
ZOGU,2
ZOLDAN,2
ZOLFINO,3
ZOLLINO,3
ZORDAN,1
ZOTTA,8
ZOTTARELLI,6
ZOU,1
ZOUGLAS,1
ZUCCALA',1
ZUCCARELLA,1
ZUCCARINI,2
ZUCCARO,18
ZUCHTRIEGEL,1
ZULLINO,1
ZULLO,9
ZUMPANO,7
ZUNINO,7
ZUPPARDI,1
ZUPPARIELLO,6
ZURRO,1

